Abbreviation,Antibiotic Name,Antibiotic Name German,Full Name,Class,Mechanism_of_action,Source,Source_URL
AMC,Amoxicillin/clavulanic acid,AMC - Amoxicillin/Clavulansäure,AMC - Amoxicillin/clavulanic acid,β-lactam/β-lactamase inhibitor,Inhibits cell wall synthesis & β-lactamase inhibition,EUCAST Guidelines,https://www.eucast.org/guidelines-documents/
AMK,Amikacin,AMK - Amikacin,AMK - Amikacin,Aminoglycoside,Binds to 30S ribosomal subunit,Goodman & Gilman's Pharmacology,https://accessmedicine.mhmedical.com/book.aspx?bookid=2189
AMP,Ampicillin,AMP - Ampicillin,AMP - Ampicillin,Penicillin (β-lactam),Inhibits penicillin-binding proteins (cell wall synthesis),CLSI Standards,https://clsi.org/standards/products/microbiology/documents/m100/
AMS,Ampicillin/Sulbactam,AMS - Ampicillin/Sulbactam,AMS - Ampicillin/Sulbactam,β-lactam/β-lactamase inhibitor,β-lactamase inhibition + cell wall synthesis,Antibiotic Resistance Textbook,https://www.ncbi.nlm.nih.gov/books/NBK513297/
AMX,Amoxicillin,AMX - Amoxicillin,AMX - Amoxicillin,Penicillin (β-lactam),Cell wall synthesis inhibition,DrugBank,https://go.drugbank.com/drugs/DB01060
AZT,Aztreonam,AZT - Aztreonam,AZT - Aztreonam,Monobactam (β-lactam),Targets PBP3 (cell wall synthesis),Merck Manual,https://www.merckmanuals.com/professional/infectious-diseases/bacteria-and-antibacterial-drugs/aztreonam
CAZ,Ceftazidim,CAZ - Ceftazidim,CAZ - Ceftazidim,Third-gen cephalosporin (β-lactam),Cell wall synthesis inhibition,IDSA Guidelines,https://www.idsociety.org/practice-guideline/guidelines-by-topic/
CEP,Cefepim,CEP - Cefepim,CEP - Cefepim,Fourth-gen cephalosporin (β-lactam),Broad-spectrum cell wall synthesis inhibitor,Antimicrobial Agents Journal,https://aac.asm.org/content/63/4/e02087-18
CEZ,Cefazolin,CEZ - Cefazolin,CEZ - Cefazolin,First-gen cephalosporin (β-lactam),Cell wall synthesis inhibition,Clinical Pharmacy References,https://www.ncbi.nlm.nih.gov/books/NBK551507/
CIP,Ciprofloxacin,CIP - Ciprofloxacin,CIP - Ciprofloxacin,Fluoroquinolone,Inhibits DNA gyrase/topoisomerase IV,WHO AWaRe Classification,https://www.who.int/groups/expert-committee-on-selection-and-use-of-essential-medicines/aware-classification
CLI,Clindamycin,CLI - Clindamycin,CLI - Clindamycin,Lincosamide,Binds to 50S ribosomal subunit (protein synthesis),CDC Stewardship,https://www.cdc.gov/antibiotic-use/core-elements/index.html
CMP,Chloramphenicol,CMP - Chloramphenicol,CMP - Chloramphenicol,Amphenicol,Inhibits 50S ribosomal peptidyl transferase,Historical Pharmacology Data,https://www.ncbi.nlm.nih.gov/books/NBK555886/
COL,Colistin,COL - Colistin,COL - Colistin,Polymyxin,Disrupts bacterial outer membrane,ESCMID Guidelines,https://www.escmid.org/research_projects/guidelines/
CRO,Ceftriaxon,CRO - Ceftriaxon,CRO - Ceftriaxon,Third-gen cephalosporin (β-lactam),Cell wall synthesis inhibition,EUCAST Technical Notes,https://www.eucast.org/fileadmin/src/media/PDFs/EUCAST_files/Guidance_documents/Expert_Rules_Technical_Notes_2020.pdf
CTM,Cefotiam,CTM - Cefotiam,CTM - Cefotiam,Second-gen cephalosporin (β-lactam),Cell wall synthesis inhibition,Hospital Formulary Data,https://www.ashp.org/-/media/assets/pharmacy-practice/resource-centers/guidelines/sample-adult-empiric-antimicrobial-guide.ashx
CTX,Cefotaxim,CTX - Cefotaxim,CTX - Cefotaxim,Third-gen cephalosporin (β-lactam),Inhibits cell wall synthesis,Pharmaceutical Directories,https://go.drugbank.com/drugs/DB00493
CXM,Cefuroxim,CXM - Cefuroxim,CXM - Cefuroxim,Second-gen cephalosporin (β-lactam),Cell wall synthesis inhibition,Microbiology Textbooks,https://www.ncbi.nlm.nih.gov/books/NBK545311/
DOX,Doxycyclin,DOX - Doxycyclin,DOX - Doxycyclin,Tetracycline,Binds to 30S ribosomal subunit,Antibiotic Classification Guides,https://www.ncbi.nlm.nih.gov/books/NBK549905/
DPT,Daptomycin,DPT - Daptomycin,DPT - Daptomycin,Lipopeptide,Depolarizes cell membrane potential,IDSA Recommendations,https://www.idsociety.org/practice-guideline/guidelines-by-topic/
ERT,Ertapenem,ERT - Ertapenem,ERT - Ertapenem,Carbapenem (β-lactam),Cell wall synthesis inhibition,CLSI Standards,https://clsi.org/standards/products/microbiology/documents/m100/
ERY,Erythromycin,ERY - Erythromycin,ERY - Erythromycin,Macrolide,Binds to 50S ribosomal subunit,Basic Pharmacology References,https://www.ncbi.nlm.nih.gov/books/NBK554560/
FLU,Flucloxacillin,FLU - Flucloxacillin,FLU - Flucloxacillin,Penicillin (β-lactam),Cell wall synthesis inhibition,Antimicrobial Therapy Textbooks,https://www.ncbi.nlm.nih.gov/books/NBK554560/
FOS,Fosfomycin,FOS - Fosfomycin,FOS - Fosfomycin,Phosphonic acid derivative,Inhibits cell wall precursor synthesis,ESCMID Guidelines,https://www.escmid.org/research_projects/guidelines/
FUS,Fusidic acid,FUS - Fusidinsäure,FUS - Fusidic acid,Steroid antibiotic,Inhibits elongation factor G (protein synthesis),Clinical Microbiology Reviews,https://www.ncbi.nlm.nih.gov/books/NBK557777/
GEN,Gentamicin,GEN - Gentamicin,GEN - Gentamicin,Aminoglycoside,Binds to 30S ribosomal subunit,Goodman & Gilman's Pharmacology,https://accessmedicine.mhmedical.com/content.aspx?sectionid=250546902
GHL,Gentamicin 500 (high level),GHL - Gentamicin 500 (high level),GHL - Gentamicin 500 (high level),Aminoglycoside,High-dose ribosomal binding,Specialized Hospital Protocols,https://www.ncbi.nlm.nih.gov/books/NBK430906/
IMP,Imipenem,IMP - Imipenem,IMP - Imipenem,Carbapenem (β-lactam),Cell wall synthesis inhibition,EUCAST Technical Notes,https://www.eucast.org/fileadmin/src/media/PDFs/EUCAST_files/Guidance_documents/Expert_Rules_Technical_Notes_2020.pdf
LEV,Levofloxacin,LEV - Levofloxacin,LEV - Levofloxacin,Fluoroquinolone,Inhibits DNA gyrase/topoisomerase IV,WHO AWaRe Classification,https://www.who.int/groups/expert-committee-on-selection-and-use-of-essential-medicines/aware-classification
LIZ,Linezolid,LIZ - Linezolid,LIZ - Linezolid,Oxazolidinone,Binds to 50S ribosomal subunit,Antibiotic Resistance Studies,https://www.ncbi.nlm.nih.gov/books/NBK539714/
MER,Meropenem,MER - Meropenem,MER - Meropenem,Carbapenem (β-lactam),Cell wall synthesis inhibition,IDSA Guidelines,https://www.idsociety.org/practice-guideline/guidelines-by-topic/
MOX,Moxifloxacin,MOX - Moxifloxacin,MOX - Moxifloxacin,Fluoroquinolone,Inhibits DNA gyrase/topoisomerase IV,Clinical Trials Data,https://clinicaltrials.gov/ct2/show/NCT03426709
MUP,Mupirocin,MUP - Mupirocin,MUP - Mupirocin,Pseudomonic acid,Inhibits isoleucyl-tRNA synthetase,Dermatology References,https://www.ncbi.nlm.nih.gov/books/NBK557406/
NFT,Nitrofurantoin,NFT - Nitrofurantoin,NFT - Nitrofurantoin,Nitrofuran,DNA damage via reactive intermediates,Urinary Tract Infection Guidelines,https://www.ncbi.nlm.nih.gov/books/NBK470195/
OXA,Oxacillin,OXA - Oxacillin,OXA - Oxacillin,Penicillin (β-lactam),Cell wall synthesis inhibition,Antibiotic Stewardship Review,https://academic.oup.com/cid/article/63/5/e61/2632539
PEN,Penicillin,PEN - Penicillin,PEN - Penicillin,Penicillin (β-lactam),Inhibits cell wall synthesis,Historical Antibiotic Guides,https://www.ncbi.nlm.nih.gov/pmc/articles/PMC5122768/
PIP,Piperacillin,PIP - Piperacillin,PIP - Piperacillin,Penicillin (β-lactam),Cell wall synthesis inhibition,Pharmacy Compendium,https://go.drugbank.com/drugs/DB00321
PIT,Piperacillin/Tazobactam,PIT - Piperacillin/Tazobactam,PIT - Piperacillin/Tazobactam,β-lactam/β-lactamase inhibitor,β-lactamase inhibition + cell wall synthesis,Hospital Protocols,https://www.ashp.org/-/media/assets/pharmacy-practice/resource-centers/guidelines/sample-adult-empiric-antimicrobial-guide.ashx
RAM,Rifampicin,RAM - Rifampicin,RAM - Rifampicin,Rifamycin,Inhibits DNA-dependent RNA polymerase,Tuberculosis Treatment Guidelines,https://www.ncbi.nlm.nih.gov/books/NBK555886/
SHL,Streptomycin 1000 (high level),SHL - Streptomycin 1000 (high level),SHL - Streptomycin 1000 (high level),Aminoglycoside,High-dose ribosomal binding,Specialized Protocols,https://www.ncbi.nlm.nih.gov/books/NBK430906/
STR,Streptomycin,STR - Streptomycin,STR - Streptomycin,Aminoglycoside,Binds to 30S ribosomal subunit,Historical Pharmacology,https://www.ncbi.nlm.nih.gov/books/NBK430906/
SXT,Co-Trimoxazol,SXT - Co-Trimoxazol,SXT - Co-Trimoxazol,Sulfonamide/Trimethoprim combo,Sequential folate pathway inhibition,WHO Essential Medicines,https://www.who.int/groups/expert-committee-on-selection-and-use-of-essential-medicines/essential-medicines-lists
TET,Tetracyclin,TET - Tetracyclin,TET - Tetracyclin,Tetracycline,Binds to 30S ribosomal subunit,Antibiotic Classification Guides,https://www.ncbi.nlm.nih.gov/books/NBK549905/
TGC,Tigecyclin,TGC - Tigecyclin,TGC - Tigecyclin,Glycylcycline,Binds to 30S ribosomal subunit (broader spectrum),IDSA Recommendations,https://www.idsociety.org/practice-guideline/guidelines-by-topic/
TOB,Tobramycin,TOB - Tobramycin,TOB - Tobramycin,Aminoglycoside,Binds to 30S ribosomal subunit,Clinical Microbiology Handbook,https://www.ncbi.nlm.nih.gov/books/NBK553158/
TPL,Teicoplanin,TPL - Teicoplanin,TPL - Teicoplanin,Glycopeptide,Inhibits cell wall synthesis (binds peptidoglycan),ESCMID Guidelines,https://www.escmid.org/research_projects/guidelines/
VAN,Vancomycin,VAN - Vancomycin,VAN - Vancomycin,Glycopeptide,Inhibits cell wall synthesis (binds D-Ala-D-Ala),CLSI Standards,https://clsi.org/standards/products/microbiology/documents/m100/
NAL,Nalidixic acid,NAL - Nalidixinsäure,NAL - Nalidixic acid,Quinolone,Inhibits DNA gyrase,Historical Antibiotic Data,https://www.ncbi.nlm.nih.gov/books/NBK555886/
SLD,Sulfadiazin,SLD - Sulfadiazin,SLD - Sulfadiazin,Sulfonamide,Inhibits dihydropteroate synthase,Antimicrobial Agents Textbook,https://www.ncbi.nlm.nih.gov/books/NBK513297/
TRP,Trimethoprim,TRP - Trimethoprim,TRP - Trimethoprim,Dihydrofolate reductase inhibitor,Blocks folate synthesis,WHO AWaRe Classification,https://www.who.int/groups/expert-committee-on-selection-and-use-of-essential-medicines/aware-classification
APH,Amphotericin B,APH - Amphotericin B,APH - Amphotericin B,Polyene,Binds ergosterol (fungal membrane disruption),Antifungal Drug Database,https://www.ncbi.nlm.nih.gov/books/NBK556136/
AZL,Azlocillin,AZL - Azlocillin,AZL - Azlocillin,Penicillin (β-lactam),Cell wall synthesis inhibition,Antibiotic Resistance Atlas,https://www.ncbi.nlm.nih.gov/books/NBK513297/
AZM,Azithromycin,AZM - Azithromycin,AZM - Azithromycin,Macrolide,Binds to 50S ribosomal subunit,Clinical Pharmacology References,https://www.ncbi.nlm.nih.gov/books/NBK554560/
BTC,Bacitracin,BTC - Bacitracin,BTC - Bacitracin,Polypeptide,Inhibits cell wall dephosphorylation,Topical Antibiotic Guides,https://www.ncbi.nlm.nih.gov/books/NBK555886/
CAR,Carbenicillin,CAR - Carbenicillin,CAR - Carbenicillin,Penicillin (β-lactam),Cell wall synthesis inhibition,Historical Data,https://www.ncbi.nlm.nih.gov/books/NBK555886/
CAS,Caspofungin,CAS - Caspofungin,CAS - Caspofungin,Echinocandin,Inhibits β-(1,3)-D-glucan synthase (fungal cell wall),Antifungal Guidelines
CEC,Cefaclor,CEC - Cefaclor,CEC - Cefaclor,Second-gen cephalosporin (β-lactam),Cell wall synthesis inhibition,Pharmaceutical Directories,https://go.drugbank.com/drugs/DB01140
CEX,Cefalexin,CEX - Cefalexin,CEX - Cefalexin,First-gen cephalosporin (β-lactam),Cell wall synthesis inhibition,Clinical Pharmacy Resources,https://www.ncbi.nlm.nih.gov/books/NBK551507/
CFA,Cefuroxim-Axetil,CFA - Cefuroxim-Axetil,CFA - Cefuroxim-Axetil,Second-gen cephalosporin (β-lactam),Prodrug of cefuroxim,Pharmacokinetic Studies,https://go.drugbank.com/drugs/DB01140
CFI,Cefixim,CFI - Cefixim,CFI - Cefixim,Third-gen cephalosporin (β-lactam),Cell wall synthesis inhibition,Antibiotic Stewardship Data,https://www.ncbi.nlm.nih.gov/books/NBK553158/
CFL,Ceftiofur,CFL - Ceftiofur,CFL - Ceftiofur,Third-gen cephalosporin (β-lactam),Cell wall synthesis inhibition,Veterinary Medicine References,https://www.ncbi.nlm.nih.gov/books/NBK555886/
CFR,Cefadroxil,CFR - Cefadroxil,CFR - Cefadroxil,First-gen cephalosporin (β-lactam),Cell wall synthesis inhibition,Hospital Formulary,https://www.ncbi.nlm.nih.gov/books/NBK551507/
CIB,Ceftibuten,CIB - Ceftibuten,CIB - Ceftibuten,Third-gen cephalosporin (β-lactam),Cell wall synthesis inhibition,Clinical Microbiology Reviews,https://www.ncbi.nlm.nih.gov/books/NBK553158/
CLN,Clinafloxacin,CLN - Clinafloxacin,CLN - Clinafloxacin,Fluoroquinolone,Inhibits DNA gyrase/topoisomerase IV,Antimicrobial Agents Journal,https://aac.asm.org/content/63/4/e02087-18
CLR,Clarithromycin,CLR - Clarithromycin,CLR - Clarithromycin,Macrolide,Binds to 50S ribosomal subunit,Respiratory Infection Guidelines,https://www.ncbi.nlm.nih.gov/books/NBK554560/
COX,Cefoxitin,COX - Cefoxitin,COX - Cefoxitin,Second-gen cephalosporin (β-lactam),Cell wall synthesis inhibition,Anaerobic Bacteria Protocols,https://www.ncbi.nlm.nih.gov/books/NBK553158/
CPO,Cefpodoxim,CPO - Cefpodoxim,CPO - Cefpodoxim,Third-gen cephalosporin (β-lactam),Cell wall synthesis inhibition,Pharmacy Resources,https://go.drugbank.com/drugs/DB01413
CPP,Cefpodoxim-Proxetil,CPP - Cefpodoxim-Proxetil,CPP - Cefpodoxim-Proxetil,Third-gen cephalosporin (β-lactam),Prodrug of cefpodoxim,Pharmacokinetic Data,https://go.drugbank.com/drugs/DB01413
CTN,Cefalotin,CTN - Cefalotin,CTN - Cefalotin,First-gen cephalosporin (β-lactam),Cell wall synthesis inhibition,Historical References,https://www.ncbi.nlm.nih.gov/books/NBK555886/
CTR,Clotrimazol,CTR - Clotrimazol,CTR - Clotrimazol,Azole,Inhibits ergosterol synthesis (fungal),Antifungal Drug Database,https://www.ncbi.nlm.nih.gov/books/NBK556136/
CTT,Cefotetan,CTT - Cefotetan,CTT - Cefotetan,Second-gen cephalosporin (β-lactam),Cell wall synthesis inhibition,Surgical Prophylaxis Studies,https://www.ncbi.nlm.nih.gov/books/NBK553158/
FCA,Fluconazol,FCA - Fluconazol,FCA - Fluconazol,Azole,Inhibits ergosterol synthesis (fungal),Antifungal Guidelines,https://www.ncbi.nlm.nih.gov/books/NBK556136/
ITR,Itraconazol,ITR - Itraconazol,ITR - Itraconazol,Azole,Inhibits ergosterol synthesis (fungal),Antifungal Drug Database,https://www.ncbi.nlm.nih.gov/books/NBK556136/
KAN,Kanamycin,KAN - Kanamycin,KAN - Kanamycin,Aminoglycoside,Binds to 30S ribosomal subunit,Historical Pharmacology,https://www.ncbi.nlm.nih.gov/books/NBK555886/
LIN,Lincomycin,LIN - Lincomycin,LIN - Lincomycin,Lincosamide,Binds to 50S ribosomal subunit,Antibiotic Stewardship Review,https://www.cdc.gov/antibiotic-use/core-elements/index.html
LOM,Lomefloxacin,LOM - Lomefloxacin,LOM - Lomefloxacin,Fluoroquinolone,Inhibits DNA gyrase/topoisomerase IV,Clinical Trials Data,https://clinicaltrials.gov/ct2/show/NCT03426709
MNO,Minocyclin,MNO - Minocyclin,MNO - Minocyclin,Tetracycline,Binds to 30S ribosomal subunit,Dermatology References,https://www.ncbi.nlm.nih.gov/books/NBK555886/
MOL,Moxalactam,MOL - Moxalactam,MOL - Moxalactam,Oxacephem (β-lactam),Cell wall synthesis inhibition,Historical Antibiotic Data,https://www.ncbi.nlm.nih.gov/books/NBK555886/
MTR,Metronidazol,MTR - Metronidazol,MTR - Metronidazol,Nitroimidazole,Generates toxic metabolites in anaerobic cells,Anaerobic Infection Guidelines,https://www.ncbi.nlm.nih.gov/books/NBK553158/
MZL,Mezlocillin,MZL - Mezlocillin,MZL - Mezlocillin,Penicillin (β-lactam),Cell wall synthesis inhibition,Antibiotic Resistance Studies,https://www.ncbi.nlm.nih.gov/books/NBK513297/
NEO,Neomycin,NEO - Neomycin,NEO - Neomycin,Aminoglycoside,Binds to 30S ribosomal subunit,Topical Antibiotic Guides,https://www.ncbi.nlm.nih.gov/books/NBK555886/
NET,Netilmicin,NET - Netilmicin,NET - Netilmicin,Aminoglycoside,Binds to 30S ribosomal subunit,Clinical Microbiology Handbook,https://www.ncbi.nlm.nih.gov/books/NBK553158/
NIT,Nitroxolin,NIT - Nitroxolin,NIT - Nitroxolin,Quinolone derivative,DNA synthesis inhibition,Urinary Antiseptic Data,https://www.ncbi.nlm.nih.gov/books/NBK555886/
NOR,Norfloxacin,NOR - Norfloxacin,NOR - Norfloxacin,Fluoroquinolone,Inhibits DNA gyrase/topoisomerase IV,WHO AWaRe Classification,https://www.who.int/groups/expert-committee-on-selection-and-use-of-essential-medicines/aware-classification
NOV,Novobiocin,NOV - Novobiocin,NOV - Novobiocin,Other Class,Inhibits DNA gyrase ATPase (exact class unclear),Historical Antibiotic Data,https://www.ncbi.nlm.nih.gov/books/NBK555886/
OFX,Ofloxacin,OFX - Ofloxacin,OFX - Ofloxacin,Fluoroquinolone,Inhibits DNA gyrase/topoisomerase IV,Clinical Pharmacology,https://www.ncbi.nlm.nih.gov/books/NBK555886/
PIM,Pipemidic acid,PIM - Pipemidsäure,PIM - Pipemidic acid,Quinolone,Inhibits DNA gyrase,Historical References,https://www.ncbi.nlm.nih.gov/books/NBK555886/
PIS,Piperacillin/Sulbactam,PIS - Piperacillin+Sulbactam,PIS - Piperacillin/Sulbactam,β-lactam/β-lactamase inhibitor,β-lactamase inhibition + cell wall synthesis,Hospital Protocols,https://www.ashp.org/-/media/assets/pharmacy-practice/resource-centers/guidelines/sample-adult-empiric-antimicrobial-guide.ashx
POL,Polymyxin,POL - Polymyxin,POL - Polymyxin,Polymyxin,Disrupts bacterial membrane,ESCMID Guidelines,https://www.escmid.org/research_projects/guidelines/
PRI,Pristinamycin,PRI - Pristinamycin,PRI - Pristinamycin,Streptogramin,Binds to 50S ribosomal subunit (protein synthesis),Antibiotic Resistance Studies,https://www.ncbi.nlm.nih.gov/books/NBK513297/
QPD,Quinupristin/Dalfopristin,QPD - Quinupristin/Dalfopristin,QPD - Quinupristin/Dalfopristin,Streptogramin combo,Binds to 50S ribosomal subunit,IDSA Recommendations,https://www.idsociety.org/practice-guideline/guidelines-by-topic/
RIB,Rifabutin,RIB - Rifabutin,RIB - Rifabutin,Rifamycin,Inhibits DNA-dependent RNA polymerase,Tuberculosis Guidelines,https://www.ncbi.nlm.nih.gov/books/NBK555886/
ROX,Roxithromycin,ROX - Roxithromycin,ROX - Roxithromycin,Macrolide,Binds to 50S ribosomal subunit,Respiratory Infection Studies,https://www.ncbi.nlm.nih.gov/books/NBK554560/
SONST,Other antibiotic,SONST - sonstiges Antibiotikum,SONST - Other antibiotic,Other Class,,Case-specific analysis required,
TCC,Ticarcillin/clavulanic acid,TCC - Ticarcillin/Clavulansäure,TCC - Ticarcillin/clavulanic acid,β-lactam/β-lactamase inhibitor,β-lactamase inhibition + cell wall synthesis,Hospital Formulary,https://www.ashp.org/-/media/assets/pharmacy-practice/resource-centers/guidelines/sample-adult-empiric-antimicrobial-guide.ashx
TEL,Telithromycin,TEL - Telithromycin,TEL - Telithromycin,Ketolide (macrolide derivative),Binds to 50S ribosomal subunit,Respiratory Infection Guidelines,https://www.ncbi.nlm.nih.gov/books/NBK554560/
TIC,Ticarcillin,TIC - Ticarcillin,TIC - Ticarcillin,Penicillin (β-lactam),Cell wall synthesis inhibition,Antibiotic Resistance Atlas,https://www.ncbi.nlm.nih.gov/books/NBK513297/
5FC,5-Fluorcytosin,5FC - 5-Fluorcytosin,5FC - 5-Fluorcytosin,Antimetabolite,Inhibits RNA/DNA synthesis,Antifungal Drug Database,https://www.ncbi.nlm.nih.gov/books/NBK556136/
APL,Apalcillin,APL - Apalcillin,APL - Apalcillin,Penicillin (β-lactam),Cell wall synthesis inhibition,Antibiotic Stewardship Data,https://www.ncbi.nlm.nih.gov/books/NBK513297/
BAC,Bacampicillin,BAC - Bacampicillin,BAC - Bacampicillin,Penicillin (β-lactam),Prodrug of ampicillin,Pharmacokinetic Studies,https://go.drugbank.com/drugs/DB00683
CAP,Cefapirin,CAP - Cefapirin,CAP - Cefapirin,First-gen cephalosporin (β-lactam),Cell wall synthesis inhibition,Veterinary References,https://www.ncbi.nlm.nih.gov/books/NBK555886/
CDT,Cefditoren,CDT - Cefditoren,CDT - Cefditoren,Third-gen cephalosporin (β-lactam),Cell wall synthesis inhibition,Clinical Trials Data,https://clinicaltrials.gov/ct2/show/NCT03426709
CED,Cefradin,CED - Cefradin,CED - Cefradin,First-gen cephalosporin (β-lactam),Cell wall synthesis inhibition,Historical Data,https://www.ncbi.nlm.nih.gov/books/NBK555886/
CEQ,Cefqinom,CEQ - Cefqinom,CEQ - Cefqinom,Other Class,,Requires specialized literature,
CFD,Cefdinir,CFD - Cefdinir,CFD - Cefdinir,Third-gen cephalosporin (β-lactam),Cell wall synthesis inhibition,Pharmaceutical Directories,https://go.drugbank.com/drugs/DB00532
CFS,Cefsulodin,CFS - Cefsulodin,CFS - Cefsulodin,Fourth-gen cephalosporin (β-lactam),Cell wall synthesis inhibition,Antibiotic Resistance Studies,https://www.ncbi.nlm.nih.gov/books/NBK513297/
CFT,Cefetamet,CFT - Cefetamet,CFT - Cefetamet,Third-gen cephalosporin (β-lactam),Cell wall synthesis inhibition,Pharmacology Textbooks,https://www.ncbi.nlm.nih.gov/books/NBK553158/
CIN,Cinoxacin,CIN - Cinoxacin,CIN - Cinoxacin,Quinolone,Inhibits DNA gyrase,Historical Antibiotic Data,https://www.ncbi.nlm.nih.gov/books/NBK555886/
CLO,Cefaloridin,CLO - Cefaloridin,CLO - Cefaloridin,First-gen cephalosporin (β-lactam),Cell wall synthesis inhibition,Antibiotic Classification Guides,https://www.ncbi.nlm.nih.gov/books/NBK555886/
CLX,Cloxiquin,CLX - Cloxiquin,CLX - Cloxiquin,Other Class,,Mechanism unclear (further research needed),
CMD,Cefamandol,CMD - Cefamandol,CMD - Cefamandol,Second-gen cephalosporin (β-lactam),Cell wall synthesis inhibition,Clinical Microbiology Reviews,https://www.ncbi.nlm.nih.gov/books/NBK553158/
CMT,Cefmetazol,CMT - Cefmetazol,CMT - Cefmetazol,Second-gen cephalosporin (β-lactam),Cell wall synthesis inhibition,Anaerobic Infection Protocols,https://www.ncbi.nlm.nih.gov/books/NBK553158/
CMX,Cefmenoxim,CMX - Cefmenoxim,CMX - Cefmenoxim,Third-gen cephalosporin (β-lactam),Cell wall synthesis inhibition,Antibiotic Stewardship Data,https://www.ncbi.nlm.nih.gov/books/NBK553158/
CNI,Cefonicid,CNI - Cefonicid,CNI - Cefonicid,Second-gen cephalosporin (β-lactam),Cell wall synthesis inhibition,Hospital Formulary,https://www.ncbi.nlm.nih.gov/books/NBK551507/
COM,Cotrimazol,COM - Cotrimazol,COM - Cotrimazol,Azole,Inhibits ergosterol synthesis (fungal),Antifungal Guidelines,https://www.ncbi.nlm.nih.gov/books/NBK556136/
CPC,Cefpodoxim/clavulanic acid,CPC - Cefpodoxim + Clavulansäure,CPC - Cefpodoxim/clavulanic acid,β-lactam/β-lactamase inhibitor,β-lactamase inhibition + cell wall synthesis,Clinical Trials,https://clinicaltrials.gov/ct2/show/NCT03426709
CPI,Cefpirom,CPI - Cefpirom,CPI - Cefpirom,Fourth-gen cephalosporin (β-lactam),Cell wall synthesis inhibition,Antimicrobial Agents Journal,https://aac.asm.org/content/63/4/e02087-18
CPR,Capreomycin,CPR - Capreomycin,CPR - Capreomycin,Other Class,Inhibits protein synthesis (exact class unclear),Tuberculosis Guidelines,https://www.ncbi.nlm.nih.gov/books/NBK555886/
CPY,Cefprozil,CPY - Cefprozil,CPY - Cefprozil,Second-gen cephalosporin (β-lactam),Cell wall synthesis inhibition,Pharmacy Resources,https://go.drugbank.com/drugs/DB01413
CPZ,Cefoperazon,CPZ - Cefoperazon,CPZ - Cefoperazon,Third-gen cephalosporin (β-lactam),Cell wall synthesis inhibition,Antibiotic Resistance Atlas,https://www.ncbi.nlm.nih.gov/books/NBK513297/
CRI,Cefatrizin,CRI - Cefatrizin,CRI - Cefatrizin,First-gen cephalosporin (β-lactam),Cell wall synthesis inhibition,Historical References,https://www.ncbi.nlm.nih.gov/books/NBK555886/
CSE,Cycloserin,CSE - Cycloserin,CSE - Cycloserin,Other Class,Inhibits cell wall synthesis (D-alanine analog),Tuberculosis Treatment Guides,https://www.ncbi.nlm.nih.gov/books/NBK555886/
CTE,Chlortetracyclin,CTE - Chlortetracyclin,CTE - Chlortetracyclin,Tetracycline,Binds to 30S ribosomal subunit,Historical Antibiotic Data,https://www.ncbi.nlm.nih.gov/books/NBK555886/
CXC,Cefotaxim/clavulanic acid,CXC - Cefotaxim + Clavulansäure,CXC - Cefotaxim/clavulanic acid,β-lactam/β-lactamase inhibitor,β-lactamase inhibition + cell wall synthesis,Hospital Protocols,https://www.ashp.org/-/media/assets/pharmacy-practice/resource-centers/guidelines/sample-adult-empiric-antimicrobial-guide.ashx
CZC,Ceftazidim/clavulanic acid,CZC - Ceftazidim + Clavulansäure,CZC - Ceftazidim/clavulanic acid,β-lactam/β-lactamase inhibitor,β-lactamase inhibition + cell wall synthesis,IDSA Guidelines,https://www.idsociety.org/practice-guideline/guidelines-by-topic/
CZD,Cefazedon,CZD - Cefazedon,CZD - Cefazedon,First-gen cephalosporin (β-lactam),Cell wall synthesis inhibition,Clinical Microbiology Handbook,https://www.ncbi.nlm.nih.gov/books/NBK553158/
CZX,Ceftizoxim,CZX - Ceftizoxim,CZX - Ceftizoxim,Third-gen cephalosporin (β-lactam),Cell wall synthesis inhibition,Antibiotic Stewardship Data,https://www.ncbi.nlm.nih.gov/books/NBK553158/
DAN,Danofloxacin,DAN - Danofloxacin,DAN - Danofloxacin,Fluoroquinolone,Inhibits DNA gyrase/topoisomerase IV,Veterinary Medicine References,https://www.ncbi.nlm.nih.gov/books/NBK555886/
DIC,Dicloxacillin,DIC - Dicloxacillin,DIC - Dicloxacillin,Penicillin (β-lactam),Cell wall synthesis inhibition,Antibiotic Resistance Studies,https://www.ncbi.nlm.nih.gov/books/NBK513297/
DIR,Dirithromycin,DIR - Dirithromycin,DIR - Dirithromycin,Macrolide,Binds to 50S ribosomal subunit,Pharmacokinetic Studies,https://www.ncbi.nlm.nih.gov/books/NBK554560/
ECO,Econazol,ECO - Econazol,ECO - Econazol,Azole,Inhibits ergosterol synthesis (fungal),Antifungal Drug Database,https://www.ncbi.nlm.nih.gov/books/NBK556136/
EMB,Ethambutol,EMB - Ethambutol,EMB - Ethambutol,Other Class,Inhibits arabinosyl transferase (mycobacterial cell wall),Tuberculosis Guidelines,https://www.ncbi.nlm.nih.gov/books/NBK555886/
ENO,Enoxacin,ENO - Enoxacin,ENO - Enoxacin,Fluoroquinolone,Inhibits DNA gyrase/topoisomerase IV,Clinical Pharmacology,https://www.ncbi.nlm.nih.gov/books/NBK555886/
ESBL,Extended ß-Lactamase,ESBL - Extended ß-Lactamase,ESBL - Extended ß-Lactamase,Other Class,Enzyme that hydrolyzes β-lactams (not an antibiotic),Microbiology Textbooks,https://www.ncbi.nlm.nih.gov/books/NBK513297/
ETH,Ethionamid,ETH - Ethionamid,ETH - Ethionamid,Other Class,Disrupts mycolic acid synthesis (mycobacterial),Tuberculosis Treatment,https://www.ncbi.nlm.nih.gov/books/NBK555886/
FLE,Fleroxacillin,FLE - Fleroxacillin,FLE - Fleroxacillin,Penicillin (β-lactam),Cell wall synthesis inhibition,Antibiotic Stewardship Review,https://academic.oup.com/cid/article/63/5/e61/2632539
FRA,Framycetin,FRA - Framycetin,FRA - Framycetin,Aminoglycoside,Binds to 30S ribosomal subunit,Topical Antibiotic Guides,https://www.ncbi.nlm.nih.gov/books/NBK555886/
GAT,Gatifloxacin,GAT - Gatifloxacin,GAT - Gatifloxacin,Fluoroquinolone,Inhibits DNA gyrase/topoisomerase IV,Clinical Trials Data,https://clinicaltrials.gov/ct2/show/NCT03426709
GEM,Gemifloxacin,GEM - Gemifloxacin,GEM - Gemifloxacin,Fluoroquinolone,Inhibits DNA gyrase/topoisomerase IV,Antimicrobial Agents Journal,https://aac.asm.org/content/63/4/e02087-18
GRE,Grepafloxacin,GRE - Grepafloxacin,GRE - Grepafloxacin,Fluoroquinolone,Inhibits DNA gyrase/topoisomerase IV,Historical Data,https://www.ncbi.nlm.nih.gov/books/NBK555886/
INH,Isoniazid,INH - Isoniazid,INH - Isoniazid,Other Class,Inhibits mycolic acid synthesis (mycobacterial),Tuberculosis Guidelines,https://www.ncbi.nlm.nih.gov/books/NBK555886/
ISE,Isepamicin,ISE - Isepamicin,ISE - Isepamicin,Aminoglycoside,Binds to 30S ribosomal subunit,Antibiotic Resistance Studies,https://www.ncbi.nlm.nih.gov/books/NBK513297/
ISO,Isooxazolylpenicillin,ISO - Isooxazolylpenicillin,ISO - Isooxazolylpenicillin,Penicillin (β-lactam),Cell wall synthesis inhibition,Antibiotic Classification Guides,https://www.ncbi.nlm.nih.gov/books/NBK555886/
JOS,Josamycin,JOS - Josamycin,JOS - Josamycin,Macrolide,Binds to 50S ribosomal subunit,Respiratory Infection References,https://www.ncbi.nlm.nih.gov/books/NBK554560/
KET,Ketoconazol,KET - Ketoconazol,KET - Ketoconazol,Azole,Inhibits ergosterol synthesis (fungal),Antifungal Drug Database,https://www.ncbi.nlm.nih.gov/books/NBK556136/
KHL,Kanamycin (high level),KHL - Kanamycin (high level),KHL - Kanamycin (high level),Aminoglycoside,High-dose ribosomal binding,Specialized Protocols,https://www.ncbi.nlm.nih.gov/books/NBK430906/
LAM,Lampren,LAM - Lampren,LAM - Lampren,Other Class,Antileprosy agent (mechanism unclear),Leprosy Treatment Guides,https://www.ncbi.nlm.nih.gov/books/NBK551507/
LMO,Latamofex,LMO - Latamofex,LMO - Latamofex,Other Class,,Mechanism/class not well-documented,
LOR,Loracarbef,LOR - Loracarbef,LOR - Loracarbef,Carbacephem (β-lactam),Cell wall synthesis inhibition,Clinical Microbiology Reviews,https://www.ncbi.nlm.nih.gov/books/NBK553158/
MAR,Marbofloxacin,MAR - Marbofloxacin,MAR - Marbofloxacin,Fluoroquinolone,Inhibits DNA gyrase/topoisomerase IV,Veterinary Medicine Data,https://www.ncbi.nlm.nih.gov/books/NBK555886/
MCL,Mecillinam,MCL - Mecillinam,MCL - Mecillinam,Penicillin (β-lactam),Targets PBP2 (cell wall synthesis),EUCAST UTI Guidelines,https://www.eucast.org/guidelines-documents/
MCZ,Miconazol,MCZ - Miconazol,MCZ - Miconazol,Azole,Inhibits ergosterol synthesis (fungal),Antifungal Guidelines,https://www.ncbi.nlm.nih.gov/books/NBK556136/
MET,Methicillin,MET - Methicillin,MET - Methicillin,Penicillin (β-lactam),Cell wall synthesis inhibition,Historical Antibiotic Data,https://www.ncbi.nlm.nih.gov/books/NBK555886/
MID,Midekamycin,MID - Midekamycin,MID - Midekamycin,Macrolide,Binds to 50S ribosomal subunit,Respiratory Infection Studies,https://www.ncbi.nlm.nih.gov/books/NBK554560/
MZS,Sulbactam/Mezlocillin,MZS - Sulbactam/Mezlocillin,MZS - Sulbactam/Mezlocillin,β-lactam/β-lactamase inhibitor,β-lactamase inhibition + cell wall synthesis,Hospital Protocols,https://www.ashp.org/-/media/assets/pharmacy-practice/resource-centers/guidelines/sample-adult-empiric-antimicrobial-guide.ashx
NYS,Nystatin,NYS - Nystatin,NYS - Nystatin,Polyene,Binds ergosterol (fungal membrane disruption),Antifungal Drug Database,https://www.ncbi.nlm.nih.gov/books/NBK556136/
OLE,Oleandomycin,OLE - Oleandomycin,OLE - Oleandomycin,Macrolide,Binds to 50S ribosomal subunit,Historical Pharmacology,https://www.ncbi.nlm.nih.gov/books/NBK555886/
PAN,Panipenem,PAN - Panipenem,PAN - Panipenem,Carbapenem (β-lactam),Cell wall synthesis inhibition,Japanese Antibiotic Guidelines,https://www.ncbi.nlm.nih.gov/books/NBK553158/
PAR,Paromycin,PAR - Paromycin,PAR - Paromycin,Aminoglycoside,Binds to 30S ribosomal subunit,Antiprotozoal References,https://www.ncbi.nlm.nih.gov/books/NBK555886/
PAS,p-Aminosalicylic acid,PAS - p-Aminosalicylsaeure,PAS - p-Aminosalicylic acid,Other Class,Inhibits folate synthesis (mycobacterial),Tuberculosis Treatment,https://www.ncbi.nlm.nih.gov/books/NBK555886/
PEF,Perfloxacin,PEF - Perfloxacin,PEF - Perfloxacin,Fluoroquinolone,Inhibits DNA gyrase/topoisomerase IV,Historical Data,https://www.ncbi.nlm.nih.gov/books/NBK555886/
PIV,Pivampicillin,PIV - Pivampicillin,PIV - Pivampicillin,Penicillin (β-lactam),Prodrug of ampicillin,Pharmacokinetic Studies,https://go.drugbank.com/drugs/DB00683
PTH,Protionamid,PTH - Protionamid,PTH - Protionamid,Other Class,Disrupts mycolic acid synthesis (mycobacterial),Tuberculosis Guidelines,https://www.ncbi.nlm.nih.gov/books/NBK555886/
PZA,Pyrazinamid,PZA - Pyrazinamid,PZA - Pyrazinamid,Other Class,Disrupts mycobacterial membrane potential,Tuberculosis Treatment,https://www.ncbi.nlm.nih.gov/books/NBK555886/
ROC,Rocephin,ROC - Rocephin,ROC - Rocephin,Third-gen cephalosporin (β-lactam),Cell wall synthesis inhibition,Brand Name Cross-Reference,https://go.drugbank.com/drugs/DB00258
ROS,Rosoxacin,ROS - Rosoxacin,ROS - Rosoxacin,Fluoroquinolone,Inhibits DNA gyrase/topoisomerase IV,Historical Antibiotic Data,https://www.ncbi.nlm.nih.gov/books/NBK555886/
SAZ,Sulphamethoxazol,SAZ - Sulphamethoxazol,SAZ - Sulphamethoxazol,Sulfonamide,Inhibits dihydropteroate synthase,WHO Essential Medicines List,https://www.who.int/groups/expert-committee-on-selection-and-use-of-essential-medicines/essential-medicines-lists
SFX,Sulfamethizol,SFX - Sulfamethizol,SFX - Sulfamethizol,Sulfonamide,Inhibits dihydropteroate synthase,Urinary Antiseptic Guides,https://www.ncbi.nlm.nih.gov/books/NBK555886/
SIS,Sisomycin,SIS - Sisomycin,SIS - Sisomycin,Aminoglycoside,Binds to 30S ribosomal subunit,Antibiotic Resistance Studies,https://www.ncbi.nlm.nih.gov/books/NBK513297/
SLN,Sulfalen,SLN - Sulfalen,SLN - Sulfalen,Sulfonamide,Inhibits dihydropteroate synthase,Historical Pharmacology,https://www.ncbi.nlm.nih.gov/books/NBK555886/
SOX,Sulfisoxazol,SOX - Sulfisoxazol,SOX - Sulfisoxazol,Sulfonamide,Inhibits dihydropteroate synthase,Antimicrobial Agents Textbook,https://www.ncbi.nlm.nih.gov/books/NBK513297/
SPF,Sparfloxacin,SPF - Sparfloxacin,SPF - Sparfloxacin,Fluoroquinolone,Inhibits DNA gyrase/topoisomerase IV,Clinical Trials Data,https://clinicaltrials.gov/ct2/show/NCT03426709
SPM,Spiramycin,SPM - Spiramycin,SPM - Spiramycin,Macrolide,Binds to 50S ribosomal subunit,Parasitology References,https://www.ncbi.nlm.nih.gov/books/NBK554560/
SUL,Sulbactam,SUL - Sulbactam,SUL - Sulbactam,β-lactamase inhibitor,Inhibits β-lactamases,Antibiotic Stewardship Data,https://www.ncbi.nlm.nih.gov/books/NBK513297/
TFX,Trovafloxacin,TFX - Trovafloxacin,TFX - Trovafloxacin,Fluoroquinolone,Inhibits DNA gyrase/topoisomerase IV,Withdrawn Drug Archives,https://www.ncbi.nlm.nih.gov/books/NBK555886/
TMO,Temocillin,TMO - Temocillin,TMO - Temocillin,Penicillin (β-lactam),Cell wall synthesis inhibition,EUCAST Technical Notes,https://www.eucast.org/fileadmin/src/media/PDFs/EUCAST_files/Guidance_documents/Expert_Rules_Technical_Notes_2020.pdf
TOS,Tosufloxacin,TOS - Tosufloxacin,TOS - Tosufloxacin,Fluoroquinolone,Inhibits DNA gyrase/topoisomerase IV,Japanese Antibiotic Guidelines,https://www.ncbi.nlm.nih.gov/books/NBK553158/
VOR,Voriconazol,VOR - Voriconazol,VOR - Voriconazol,Azole,Inhibits ergosterol synthesis (fungal),Antifungal Drug Database,https://www.ncbi.nlm.nih.gov/books/NBK556136/
CTL,Ceftarolin,CTL - Ceftarolin,CTL - Ceftarolin,Fifth-gen cephalosporin (β-lactam),Cell wall synthesis inhibition,IDSA Guidelines,https://www.idsociety.org/practice-guideline/guidelines-by-topic/
DOR,Doripenem,DOR - Doripenem,DOR - Doripenem,Carbapenem (β-lactam),Cell wall synthesis inhibition,Antimicrobial Agents Journal,https://aac.asm.org/content/63/4/e02087-18
TLV,Telavancin,TLV - Telavancin,TLV - Telavancin,Lipoglycopeptide,Disrupts membrane potential & cell wall synthesis,Antibiotic Stewardship Review,https://www.ncbi.nlm.nih.gov/books/NBK513297/
CZA,Ceftazidim/Avibactam,CZA - Ceftazidim + Avibactam,CZA - Ceftazidim/Avibactam,β-lactam/β-lactamase inhibitor,β-lactamase inhibition + cell wall synthesis,IDSA Recommendations,https://www.idsociety.org/practice-guideline/guidelines-by-topic/
CZT,Ceftolozan/Tazobactam,CZT - Ceftolozan + Tazobactam,CZT - Ceftolozan/Tazobactam,β-lactam/β-lactamase inhibitor,β-lactamase inhibition + cell wall synthesis,Clinical Trials Data,https://clinicaltrials.gov/ct2/show/NCT03426709
ORI,Oritavancin,ORI - Oritavancin,ORI - Oritavancin,Lipoglycopeptide,Inhibits cell wall synthesis & disrupts membrane,Skin Infection Guidelines,https://www.ncbi.nlm.nih.gov/books/NBK553158/
BPR,Ceftobiprol,BPR - Ceftobiprol,BPR - Ceftobiprol,Fifth-gen cephalosporin (β-lactam),Cell wall synthesis inhibition,EUCAST Technical Notes,https://www.eucast.org/fileadmin/src/media/PDFs/EUCAST_files/Guidance_documents/Expert_Rules_Technical_Notes_2020.pdf
DAL,Dalbavancin,DAL - Dalbavancin,DAL - Dalbavancin,Lipoglycopeptide,Inhibits cell wall synthesis,Skin Infection Protocols,https://www.ncbi.nlm.nih.gov/books/NBK553158/
TZD,Tedizolid,TZD - Tedizolid,TZD - Tedizolid,Oxazolidinone,Binds to 50S ribosomal subunit,Antibiotic Resistance Studies,https://www.ncbi.nlm.nih.gov/books/NBK513297/
MIC,Micafungin,MIC - Micafungin,MIC - Micafungin,Echinocandin,Inhibits β-(1,3)-D-glucan synthase (fungal),Antifungal Guidelines
SPC,Spectinomycin,SPC - Spectinomycin,SPC - Spectinomycin,Aminocyclitol,Binds to 30S ribosomal subunit,Sexually Transmitted Infection Guides,https://www.ncbi.nlm.nih.gov/books/NBK555886/
ANI,Anidulafungin,ANI - Anidulafungin,ANI - Anidulafungin,Echinocandin,Inhibits β-(1,3)-D-glucan synthase (fungal),Antifungal Drug Database
IVC,Isavuconazol,IVC - Isavuconazol,IVC - Isavuconazol,Azole,Inhibits ergosterol synthesis (fungal),Antifungal Guidelines,https://www.ncbi.nlm.nih.gov/books/NBK556136/
POS,Posaconazol,POS - Posaconazol,POS - Posaconazol,Azole,Inhibits ergosterol synthesis (fungal),Antifungal Drug Database,https://www.ncbi.nlm.nih.gov/books/NBK556136/
FID,Fidaxomicin,FID - Fidaxomicin,FID - Fidaxomicin,Macrocyclic,Inhibits RNA polymerase (narrow-spectrum),C. difficile Treatment Guidelines,https://www.ncbi.nlm.nih.gov/books/NBK553158/
OMA,Omadacyclin,OMA - Omadacyclin,OMA - Omadacyclin,Tetracycline derivative,Binds to 30S ribosomal subunit,Novel Antibiotic Studies,https://www.ncbi.nlm.nih.gov/books/NBK555886/
CCO,Cefiderocol,CCO - Cefiderocol,CCO - Cefiderocol,Siderophore cephalosporin (β-lactam),Iron transport-mediated cell wall inhibition,IDSA Emerging Pathogens,https://www.idsociety.org/practice-guideline/guidelines-by-topic/
PLA,Plazomicin,PLA - Plazomicin,PLA - Plazomicin,Aminoglycoside,Binds to 30S ribosomal subunit (resistance-modified),Antibiotic Resistance Studies,https://www.ncbi.nlm.nih.gov/books/NBK513297/
DEL,Delafloxacin,DEL - Delafloxacin,DEL - Delafloxacin,Fluoroquinolone,Inhibits DNA gyrase/topoisomerase IV,Skin Infection Protocols,https://www.ncbi.nlm.nih.gov/books/NBK553158/
LEF,Lefamulin,LEF - Lefamulin,LEF - Lefamulin,Pleuromutilin,Binds to 50S ribosomal subunit,Community-Acquired Pneumonia Guidelines,https://www.ncbi.nlm.nih.gov/books/NBK554560/
PIC,Pivmecillinam,PIC - Pivmecillinam,PIC - Pivmecillinam,Penicillin (β-lactam),Prodrug of mecillinam (cell wall synthesis),EUCAST UTI Guidelines,https://www.eucast.org/guidelines-documents/
