Abbreviation,Antibiotic Name,Antibiotic Name German,Full Name,Class,Mechanism_of_action,Source,Source_URL,WHO_Match,Match_Type,WHO_Class,WHO_ATC_code,Category,Listed_on_EML_2019,Broad Class
AMC,Amoxicillin/clavulanic acid,AMC - Amoxicillin/Clavulansäure,AMC - Amoxicillin/clavulanic acid,β-lactam/β-lactamase inhibitor,Inhibits cell wall synthesis & β-lactamase inhibition,EUCAST Guidelines,https://www.eucast.org/guidelines-documents/,Amoxicillin/clavulanic Acid,PERFECT,Beta-lactam/beta-lactamase-inhibitor,J01CR02,Access,Yes,β-lactam
AMK,Amikacin,AMK - Amikacin,AMK - Amikacin,Aminoglycoside,Binds to 30S ribosomal subunit,Goodman & Gilman's Pharmacology,https://accessmedicine.mhmedical.com/book.aspx?bookid=2189,Amikacin,PERFECT,Aminoglycosides,J01GB06,Access,Yes,Aminoglycoside
AMP,Ampicillin,AMP - Ampicillin,AMP - Ampicillin,Penicillin (β-lactam),Inhibits penicillin-binding proteins (cell wall synthesis),CLSI Standards,https://clsi.org/standards/products/microbiology/documents/m100/,Ampicillin,PERFECT,Penicillins,J01CA01 ,Access,Yes,β-lactam
AMS,Ampicillin/Sulbactam,AMS - Ampicillin/Sulbactam,AMS - Ampicillin/Sulbactam,β-lactam/β-lactamase inhibitor,β-lactamase inhibition + cell wall synthesis,Antibiotic Resistance Textbook,https://www.ncbi.nlm.nih.gov/books/NBK513297/,Ampicillin/sulbactam,PERFECT,Beta-lactam/beta-lactamase-inhibitor,J01CR01,Access,No,β-lactam
AMX,Amoxicillin,AMX - Amoxicillin,AMX - Amoxicillin,Penicillin (β-lactam),Cell wall synthesis inhibition,DrugBank,https://go.drugbank.com/drugs/DB01060,Amoxicillin,PERFECT,Penicillins,J01CA04,Access,Yes,β-lactam
AZT,Aztreonam,AZT - Aztreonam,AZT - Aztreonam,Monobactam (β-lactam),Targets PBP3 (cell wall synthesis),Merck Manual,https://www.merckmanuals.com/professional/infectious-diseases/bacteria-and-antibacterial-drugs/aztreonam,Aztreonam,PERFECT,Monobactams,J01DF01,Reserve,No,β-lactam
CAZ,Ceftazidim,CAZ - Ceftazidim,CAZ - Ceftazidim,Third-gen cephalosporin (β-lactam),Cell wall synthesis inhibition,IDSA Guidelines,https://www.idsociety.org/practice-guideline/guidelines-by-topic/,Ceftazidime,PERFECT,Third-generation-cephalosporins,J01DD02,Watch,Yes,β-lactam
CEP,Cefepim,CEP - Cefepim,CEP - Cefepim,Fourth-gen cephalosporin (β-lactam),Broad-spectrum cell wall synthesis inhibitor,Antimicrobial Agents Journal,https://aac.asm.org/content/63/4/e02087-18,Cefepime,FUZZY(0.93),Fourth-generation-cephalosporins,J01DE01,Watch,No,β-lactam
CEZ,Cefazolin,CEZ - Cefazolin,CEZ - Cefazolin,First-gen cephalosporin (β-lactam),Cell wall synthesis inhibition,Clinical Pharmacy References,https://www.ncbi.nlm.nih.gov/books/NBK551507/,Cefazolin,PERFECT,First-generation-cephalosporins,J01DB04,Access,Yes,β-lactam
CIP,Ciprofloxacin,CIP - Ciprofloxacin,CIP - Ciprofloxacin,Fluoroquinolone,Inhibits DNA gyrase/topoisomerase IV,WHO AWaRe Classification,https://www.who.int/groups/expert-committee-on-selection-and-use-of-essential-medicines/aware-classification,Ciprofloxacin,PERFECT,Fluoroquinolones,J01MA02,Watch,Yes,Fluoroquinolone
CLI,Clindamycin,CLI - Clindamycin,CLI - Clindamycin,Lincosamide,Binds to 50S ribosomal subunit (protein synthesis),CDC Stewardship,https://www.cdc.gov/antibiotic-use/core-elements/index.html,Clindamycin,PERFECT,Lincosamides,J01FF01,Access,Yes,Lincosamide
CMP,Chloramphenicol,CMP - Chloramphenicol,CMP - Chloramphenicol,Amphenicol,Inhibits 50S ribosomal peptidyl transferase,Historical Pharmacology Data,https://www.ncbi.nlm.nih.gov/books/NBK555886/,Chloramphenicol,PERFECT,Amphenicols,J01BA01,Access,Yes,Amphenicol
COL,Colistin,COL - Colistin,COL - Colistin,Polymyxin,Disrupts bacterial outer membrane,ESCMID Guidelines,https://www.escmid.org/research_projects/guidelines/,Colistin_oral,PERFECT,Polymyxins,A07AA10,Reserve,No,Polymyxin
CRO,Ceftriaxon,CRO - Ceftriaxon,CRO - Ceftriaxon,Third-gen cephalosporin (β-lactam),Cell wall synthesis inhibition,EUCAST Technical Notes,https://www.eucast.org/fileadmin/src/media/PDFs/EUCAST_files/Guidance_documents/Expert_Rules_Technical_Notes_2020.pdf,Ceftriaxone,PERFECT,Third-generation-cephalosporins,J01DD04,Watch,Yes,β-lactam
CTM,Cefotiam,CTM - Cefotiam,CTM - Cefotiam,Second-gen cephalosporin (β-lactam),Cell wall synthesis inhibition,Hospital Formulary Data,https://www.ashp.org/-/media/assets/pharmacy-practice/resource-centers/guidelines/sample-adult-empiric-antimicrobial-guide.ashx,Cefotiam,PERFECT,Second-generation-cephalosporins,J01DC07,Watch,No,β-lactam
CTX,Cefotaxim,CTX - Cefotaxim,CTX - Cefotaxim,Third-gen cephalosporin (β-lactam),Inhibits cell wall synthesis,Pharmaceutical Directories,https://go.drugbank.com/drugs/DB00493,Cefotaxime,PERFECT,Third-generation-cephalosporins,J01DD01,Watch,Yes,β-lactam
CXM,Cefuroxim,CXM - Cefuroxim,CXM - Cefuroxim,Second-gen cephalosporin (β-lactam),Cell wall synthesis inhibition,Microbiology Textbooks,https://www.ncbi.nlm.nih.gov/books/NBK545311/,Cefuroxime,PERFECT,Second-generation-cephalosporins,J01DC02,Watch,Yes,β-lactam
DOX,Doxycyclin,DOX - Doxycyclin,DOX - Doxycyclin,Tetracycline,Binds to 30S ribosomal subunit,Antibiotic Classification Guides,https://www.ncbi.nlm.nih.gov/books/NBK549905/,Doxycycline,FUZZY(0.95),Tetracyclines,J01AA02,Access,Yes,Tetracycline
DPT,Daptomycin,DPT - Daptomycin,DPT - Daptomycin,Lipopeptide,Depolarizes cell membrane potential,IDSA Recommendations,https://www.idsociety.org/practice-guideline/guidelines-by-topic/,Daptomycin,PERFECT,Lipopeptides,J01XX09,Reserve,No,Lipopeptide
ERT,Ertapenem,ERT - Ertapenem,ERT - Ertapenem,Carbapenem (β-lactam),Cell wall synthesis inhibition,CLSI Standards,https://clsi.org/standards/products/microbiology/documents/m100/,Ertapenem,PERFECT,Carbapenems,J01DH03,Watch,No,β-lactam
ERY,Erythromycin,ERY - Erythromycin,ERY - Erythromycin,Macrolide,Binds to 50S ribosomal subunit,Basic Pharmacology References,https://www.ncbi.nlm.nih.gov/books/NBK554560/,Erythromycin,PERFECT,Macrolides,J01FA01,Watch,Yes (therapeutic alternative to clarithromycin (EMLc)),Macrolide
FLU,Flucloxacillin,FLU - Flucloxacillin,FLU - Flucloxacillin,Penicillin (β-lactam),Cell wall synthesis inhibition,Antimicrobial Therapy Textbooks,https://www.ncbi.nlm.nih.gov/books/NBK554560/,Flucloxacillin,PERFECT,Penicillins ,J01CF05,Access,Yes (therapeutic alternative to cloxacillin),β-lactam
FOS,Fosfomycin,FOS - Fosfomycin,FOS - Fosfomycin,Phosphonic acid derivative,Inhibits cell wall precursor synthesis,ESCMID Guidelines,https://www.escmid.org/research_projects/guidelines/,Fosfomycin_oral,PERFECT,Phosphonics,J01XX01,Watch ,No,Phosphonic acid derivative
FUS,Fusidic acid,FUS - Fusidinsäure,FUS - Fusidic acid,Steroid antibiotic,Inhibits elongation factor G (protein synthesis),Clinical Microbiology Reviews,https://www.ncbi.nlm.nih.gov/books/NBK557777/,Fusidic Acid,PERFECT,Steroid antibacterials,J01XC01,Watch,No,Steroid antibiotic
GEN,Gentamicin,GEN - Gentamicin,GEN - Gentamicin,Aminoglycoside,Binds to 30S ribosomal subunit,Goodman & Gilman's Pharmacology,https://accessmedicine.mhmedical.com/content.aspx?sectionid=250546902,Gentamicin,PERFECT,Aminoglycosides,J01GB03,Access,Yes,Aminoglycoside
GHL,Gentamicin 500 (high level),GHL - Gentamicin 500 (high level),GHL - Gentamicin 500 (high level),Aminoglycoside,High-dose ribosomal binding,Specialized Hospital Protocols,https://www.ncbi.nlm.nih.gov/books/NBK430906/,NO MATCH,UNMATCHED,Not Set,Not Set,Not Set,Not Set,Aminoglycoside
IMP,Imipenem,IMP - Imipenem,IMP - Imipenem,Carbapenem (β-lactam),Cell wall synthesis inhibition,EUCAST Technical Notes,https://www.eucast.org/fileadmin/src/media/PDFs/EUCAST_files/Guidance_documents/Expert_Rules_Technical_Notes_2020.pdf,Imipenem/cilastatin,PERFECT,Carbapenems,J01DH51,Watch,Yes (therapeutic alternative to meropenem),β-lactam
LEV,Levofloxacin,LEV - Levofloxacin,LEV - Levofloxacin,Fluoroquinolone,Inhibits DNA gyrase/topoisomerase IV,WHO AWaRe Classification,https://www.who.int/groups/expert-committee-on-selection-and-use-of-essential-medicines/aware-classification,Levofloxacin,PERFECT,Fluoroquinolones,J01MA12,Watch,No,Fluoroquinolone
LIZ,Linezolid,LIZ - Linezolid,LIZ - Linezolid,Oxazolidinone,Binds to 50S ribosomal subunit,Antibiotic Resistance Studies,https://www.ncbi.nlm.nih.gov/books/NBK539714/,Linezolid,PERFECT,Oxazolidinones,J01XX08,Reserve,Yes,Oxazolidinone
MER,Meropenem,MER - Meropenem,MER - Meropenem,Carbapenem (β-lactam),Cell wall synthesis inhibition,IDSA Guidelines,https://www.idsociety.org/practice-guideline/guidelines-by-topic/,Meropenem,PERFECT,Carbapenems,J01DH02,Watch,Yes,β-lactam
MOX,Moxifloxacin,MOX - Moxifloxacin,MOX - Moxifloxacin,Fluoroquinolone,Inhibits DNA gyrase/topoisomerase IV,Clinical Trials Data,https://clinicaltrials.gov/ct2/show/NCT03426709,Moxifloxacin,PERFECT,Fluoroquinolones,J01MA14,Watch,No,Fluoroquinolone
MUP,Mupirocin,MUP - Mupirocin,MUP - Mupirocin,Pseudomonic acid,Inhibits isoleucyl-tRNA synthetase,Dermatology References,https://www.ncbi.nlm.nih.gov/books/NBK557406/,NO MATCH,UNMATCHED,Not Set,Not Set,Not Set,Not Set,Pseudomonic acid
NFT,Nitrofurantoin,NFT - Nitrofurantoin,NFT - Nitrofurantoin,Nitrofuran,DNA damage via reactive intermediates,Urinary Tract Infection Guidelines,https://www.ncbi.nlm.nih.gov/books/NBK470195/,Nitrofurantoin,PERFECT,Nitrofuran-derivatives,J01XE01,Access,Yes,Nitrofuran
OXA,Oxacillin,OXA - Oxacillin,OXA - Oxacillin,Penicillin (β-lactam),Cell wall synthesis inhibition,Antibiotic Stewardship Review,https://academic.oup.com/cid/article/63/5/e61/2632539,Oxacillin,PERFECT,Penicillins ,J01CF04,Access,Yes (therapeutic alternative to cloxacillin),β-lactam
PEN,Penicillin,PEN - Penicillin,PEN - Penicillin,Penicillin (β-lactam),Inhibits cell wall synthesis,Historical Antibiotic Guides,https://www.ncbi.nlm.nih.gov/pmc/articles/PMC5122768/,Pheneticillin,FUZZY(0.87),Penicillins ,J01CE05,Watch,No,β-lactam
PIP,Piperacillin,PIP - Piperacillin,PIP - Piperacillin,Penicillin (β-lactam),Cell wall synthesis inhibition,Pharmacy Compendium,https://go.drugbank.com/drugs/DB00321,Piperacillin,PERFECT,Penicillins ,J01CA12,Watch,No,β-lactam
PIT,Piperacillin/Tazobactam,PIT - Piperacillin/Tazobactam,PIT - Piperacillin/Tazobactam,β-lactam/β-lactamase inhibitor,β-lactamase inhibition + cell wall synthesis,Hospital Protocols,https://www.ashp.org/-/media/assets/pharmacy-practice/resource-centers/guidelines/sample-adult-empiric-antimicrobial-guide.ashx,Piperacillin/tazobactam,PERFECT,Beta-lactam/beta-lactamase-inhibitor_anti-pseudomonal,J01CR05,Watch,Yes,β-lactam
RAM,Rifampicin,RAM - Rifampicin,RAM - Rifampicin,Rifamycin,Inhibits DNA-dependent RNA polymerase,Tuberculosis Treatment Guidelines,https://www.ncbi.nlm.nih.gov/books/NBK555886/,Rifampicin,PERFECT,Rifamycins,J04AB02,Watch,No,Rifamycin
SHL,Streptomycin 1000 (high level),SHL - Streptomycin 1000 (high level),SHL - Streptomycin 1000 (high level),Aminoglycoside,High-dose ribosomal binding,Specialized Protocols,https://www.ncbi.nlm.nih.gov/books/NBK430906/,NO MATCH,UNMATCHED,Not Set,Not Set,Not Set,Not Set,Aminoglycoside
STR,Streptomycin,STR - Streptomycin,STR - Streptomycin,Aminoglycoside,Binds to 30S ribosomal subunit,Historical Pharmacology,https://www.ncbi.nlm.nih.gov/books/NBK430906/,Streptomycin_oral,PERFECT,Aminoglycosides,A07AA04,Watch,No,Aminoglycoside
SXT,Co-Trimoxazol,SXT - Co-Trimoxazol,SXT - Co-Trimoxazol,Sulfonamide/Trimethoprim combo,Sequential folate pathway inhibition,WHO Essential Medicines,https://www.who.int/groups/expert-committee-on-selection-and-use-of-essential-medicines/essential-medicines-lists,Sulfamethoxazole/trimethoprim,PERFECT,Sulfonamide-trimethoprim-combinations,J01EE01,Access,Yes,Sulfonamide/Trimethoprim combo
TET,Tetracyclin,TET - Tetracyclin,TET - Tetracyclin,Tetracycline,Binds to 30S ribosomal subunit,Antibiotic Classification Guides,https://www.ncbi.nlm.nih.gov/books/NBK549905/,Tetracycline,FUZZY(0.96),Tetracyclines,J01AA07,Access,No,Tetracycline
TGC,Tigecyclin,TGC - Tigecyclin,TGC - Tigecyclin,Glycylcycline,Binds to 30S ribosomal subunit (broader spectrum),IDSA Recommendations,https://www.idsociety.org/practice-guideline/guidelines-by-topic/,Tigecycline,FUZZY(0.95),Glycylcyclines,J01AA12,Reserve,No,Glycylcycline
TOB,Tobramycin,TOB - Tobramycin,TOB - Tobramycin,Aminoglycoside,Binds to 30S ribosomal subunit,Clinical Microbiology Handbook,https://www.ncbi.nlm.nih.gov/books/NBK553158/,Tobramycin,PERFECT,Aminoglycosides,J01GB01,Watch,No,Aminoglycoside
TPL,Teicoplanin,TPL - Teicoplanin,TPL - Teicoplanin,Glycopeptide,Inhibits cell wall synthesis (binds peptidoglycan),ESCMID Guidelines,https://www.escmid.org/research_projects/guidelines/,Teicoplanin,PERFECT,Glycopeptides,J01XA02,Watch,No,Glycopeptide
VAN,Vancomycin,VAN - Vancomycin,VAN - Vancomycin,Glycopeptide,Inhibits cell wall synthesis (binds D-Ala-D-Ala),CLSI Standards,https://clsi.org/standards/products/microbiology/documents/m100/,Vancomycin,PERFECT,Glycopeptides,A07AA09,Watch,Yes,Glycopeptide
NAL,Nalidixic acid,NAL - Nalidixinsäure,NAL - Nalidixic acid,Quinolone,Inhibits DNA gyrase,Historical Antibiotic Data,https://www.ncbi.nlm.nih.gov/books/NBK555886/,NO MATCH,UNMATCHED,Not Set,Not Set,Not Set,Not Set,Quinolone
SLD,Sulfadiazin,SLD - Sulfadiazin,SLD - Sulfadiazin,Sulfonamide,Inhibits dihydropteroate synthase,Antimicrobial Agents Textbook,https://www.ncbi.nlm.nih.gov/books/NBK513297/,Sulfadiazine ,FUZZY(0.96),Sulfonamides,J01EC02,Access,No,Sulfonamide
TRP,Trimethoprim,TRP - Trimethoprim,TRP - Trimethoprim,Dihydrofolate reductase inhibitor,Blocks folate synthesis,WHO AWaRe Classification,https://www.who.int/groups/expert-committee-on-selection-and-use-of-essential-medicines/aware-classification,Trimethoprim,PERFECT,Trimethoprim-derivatives,J01EA01,Access,Yes,Dihydrofolate reductase inhibitor
APH,Amphotericin B,APH - Amphotericin B,APH - Amphotericin B,Polyene,Binds ergosterol (fungal membrane disruption),Antifungal Drug Database,https://www.ncbi.nlm.nih.gov/books/NBK556136/,NO MATCH,UNMATCHED,Not Set,Not Set,Not Set,Not Set,Polyene
AZL,Azlocillin,AZL - Azlocillin,AZL - Azlocillin,Penicillin (β-lactam),Cell wall synthesis inhibition,Antibiotic Resistance Atlas,https://www.ncbi.nlm.nih.gov/books/NBK513297/,Azlocillin,PERFECT,Penicillins ,J01CA09,Watch,No,β-lactam
AZM,Azithromycin,AZM - Azithromycin,AZM - Azithromycin,Macrolide,Binds to 50S ribosomal subunit,Clinical Pharmacology References,https://www.ncbi.nlm.nih.gov/books/NBK554560/,Azithromycin,PERFECT,Macrolides,J01FA10,Watch,Yes,Macrolide
BTC,Bacitracin,BTC - Bacitracin,BTC - Bacitracin,Polypeptide,Inhibits cell wall dephosphorylation,Topical Antibiotic Guides,https://www.ncbi.nlm.nih.gov/books/NBK555886/,NO MATCH,UNMATCHED,Not Set,Not Set,Not Set,Not Set,Polypeptide
CAR,Carbenicillin,CAR - Carbenicillin,CAR - Carbenicillin,Penicillin (β-lactam),Cell wall synthesis inhibition,Historical Data,https://www.ncbi.nlm.nih.gov/books/NBK555886/,Carbenicillin,PERFECT,Penicillins,J01CA03,Watch,No,β-lactam
CAS,Caspofungin,CAS - Caspofungin,CAS - Caspofungin,Echinocandin,Inhibits β-(1,3)-D-glucan synthase (fungal cell wall),Antifungal Guidelines,NO MATCH,UNMATCHED,Not Set,Not Set,Not Set,Not Set,Echinocandin
CEC,Cefaclor,CEC - Cefaclor,CEC - Cefaclor,Second-gen cephalosporin (β-lactam),Cell wall synthesis inhibition,Pharmaceutical Directories,https://go.drugbank.com/drugs/DB01140,Cefaclor,PERFECT,Second-generation-cephalosporins,J01DC04,Watch,No,β-lactam
CEX,Cefalexin,CEX - Cefalexin,CEX - Cefalexin,First-gen cephalosporin (β-lactam),Cell wall synthesis inhibition,Clinical Pharmacy Resources,https://www.ncbi.nlm.nih.gov/books/NBK551507/,Cefalexin,PERFECT,First-generation-cephalosporins,J01DB01,Access,Yes,β-lactam
CFA,Cefuroxim-Axetil,CFA - Cefuroxim-Axetil,CFA - Cefuroxim-Axetil,Second-gen cephalosporin (β-lactam),Prodrug of cefuroxim,Pharmacokinetic Studies,https://go.drugbank.com/drugs/DB01140,Cefuroxime,FUZZY(0.80),Second-generation-cephalosporins,J01DC02,Watch,Yes,β-lactam
CFI,Cefixim,CFI - Cefixim,CFI - Cefixim,Third-gen cephalosporin (β-lactam),Cell wall synthesis inhibition,Antibiotic Stewardship Data,https://www.ncbi.nlm.nih.gov/books/NBK553158/,Cefixime,PERFECT,Third-generation-cephalosporins,J01DD08,Watch,Yes,β-lactam
CFL,Ceftiofur,CFL - Ceftiofur,CFL - Ceftiofur,Third-gen cephalosporin (β-lactam),Cell wall synthesis inhibition,Veterinary Medicine References,https://www.ncbi.nlm.nih.gov/books/NBK555886/,NO MATCH,UNMATCHED,Not Set,Not Set,Not Set,Not Set,β-lactam
CFR,Cefadroxil,CFR - Cefadroxil,CFR - Cefadroxil,First-gen cephalosporin (β-lactam),Cell wall synthesis inhibition,Hospital Formulary,https://www.ncbi.nlm.nih.gov/books/NBK551507/,Cefadroxil,PERFECT,First-generation-cephalosporins,J01DB05,Access,No,β-lactam
CIB,Ceftibuten,CIB - Ceftibuten,CIB - Ceftibuten,Third-gen cephalosporin (β-lactam),Cell wall synthesis inhibition,Clinical Microbiology Reviews,https://www.ncbi.nlm.nih.gov/books/NBK553158/,Ceftibuten,PERFECT,Third-generation-cephalosporins,J01DD14,Watch,No,β-lactam
CLN,Clinafloxacin,CLN - Clinafloxacin,CLN - Clinafloxacin,Fluoroquinolone,Inhibits DNA gyrase/topoisomerase IV,Antimicrobial Agents Journal,https://aac.asm.org/content/63/4/e02087-18,Cinoxacin,FUZZY(0.82),Quinolones,J01MB06,Watch,No,Fluoroquinolone
CLR,Clarithromycin,CLR - Clarithromycin,CLR - Clarithromycin,Macrolide,Binds to 50S ribosomal subunit,Respiratory Infection Guidelines,https://www.ncbi.nlm.nih.gov/books/NBK554560/,Clarithromycin,PERFECT,Macrolides,J01FA09,Watch,Yes,Macrolide
COX,Cefoxitin,COX - Cefoxitin,COX - Cefoxitin,Second-gen cephalosporin (β-lactam),Cell wall synthesis inhibition,Anaerobic Bacteria Protocols,https://www.ncbi.nlm.nih.gov/books/NBK553158/,Cefoxitin,PERFECT,Second-generation-cephalosporins,J01DC01,Watch,No,β-lactam
CPO,Cefpodoxim,CPO - Cefpodoxim,CPO - Cefpodoxim,Third-gen cephalosporin (β-lactam),Cell wall synthesis inhibition,Pharmacy Resources,https://go.drugbank.com/drugs/DB01413,Cefpodoxime-proxetil,PERFECT,Third-generation-cephalosporins,J01DD13,Watch,No,β-lactam
CPP,Cefpodoxim-Proxetil,CPP - Cefpodoxim-Proxetil,CPP - Cefpodoxim-Proxetil,Third-gen cephalosporin (β-lactam),Prodrug of cefpodoxim,Pharmacokinetic Data,https://go.drugbank.com/drugs/DB01413,Cefpodoxime-proxetil,FUZZY(0.97),Third-generation-cephalosporins,J01DD13,Watch,No,β-lactam
CTN,Cefalotin,CTN - Cefalotin,CTN - Cefalotin,First-gen cephalosporin (β-lactam),Cell wall synthesis inhibition,Historical References,https://www.ncbi.nlm.nih.gov/books/NBK555886/,Cefalotin,PERFECT,First-generation-cephalosporins,J01DB03,Access,No,β-lactam
CTR,Clotrimazol,CTR - Clotrimazol,CTR - Clotrimazol,Azole,Inhibits ergosterol synthesis (fungal),Antifungal Drug Database,https://www.ncbi.nlm.nih.gov/books/NBK556136/,NO MATCH,UNMATCHED,Not Set,Not Set,Not Set,Not Set,Azole
CTT,Cefotetan,CTT - Cefotetan,CTT - Cefotetan,Second-gen cephalosporin (β-lactam),Cell wall synthesis inhibition,Surgical Prophylaxis Studies,https://www.ncbi.nlm.nih.gov/books/NBK553158/,Cefotetan,PERFECT,Second-generation-cephalosporins,J01DC05,Watch,No,β-lactam
FCA,Fluconazol,FCA - Fluconazol,FCA - Fluconazol,Azole,Inhibits ergosterol synthesis (fungal),Antifungal Guidelines,https://www.ncbi.nlm.nih.gov/books/NBK556136/,NO MATCH,UNMATCHED,Not Set,Not Set,Not Set,Not Set,Azole
ITR,Itraconazol,ITR - Itraconazol,ITR - Itraconazol,Azole,Inhibits ergosterol synthesis (fungal),Antifungal Drug Database,https://www.ncbi.nlm.nih.gov/books/NBK556136/,NO MATCH,UNMATCHED,Not Set,Not Set,Not Set,Not Set,Azole
KAN,Kanamycin,KAN - Kanamycin,KAN - Kanamycin,Aminoglycoside,Binds to 30S ribosomal subunit,Historical Pharmacology,https://www.ncbi.nlm.nih.gov/books/NBK555886/,Kanamycin_oral,PERFECT,Aminoglycosides,A07AA08,Watch,No,Aminoglycoside
LIN,Lincomycin,LIN - Lincomycin,LIN - Lincomycin,Lincosamide,Binds to 50S ribosomal subunit,Antibiotic Stewardship Review,https://www.cdc.gov/antibiotic-use/core-elements/index.html,Lincomycin,PERFECT,Lincosamides,J01FF02,Watch,No,Lincosamide
LOM,Lomefloxacin,LOM - Lomefloxacin,LOM - Lomefloxacin,Fluoroquinolone,Inhibits DNA gyrase/topoisomerase IV,Clinical Trials Data,https://clinicaltrials.gov/ct2/show/NCT03426709,Lomefloxacin,PERFECT,Fluoroquinolones,J01MA07,Watch,No,Fluoroquinolone
MNO,Minocyclin,MNO - Minocyclin,MNO - Minocyclin,Tetracycline,Binds to 30S ribosomal subunit,Dermatology References,https://www.ncbi.nlm.nih.gov/books/NBK555886/,Minocycline_oral,FUZZY(0.95),Tetracyclines,J01AA08,Watch ,No,Tetracycline
MOL,Moxalactam,MOL - Moxalactam,MOL - Moxalactam,Oxacephem (β-lactam),Cell wall synthesis inhibition,Historical Antibiotic Data,https://www.ncbi.nlm.nih.gov/books/NBK555886/,Latamoxef,PERFECT,Third-generation-cephalosporins,J01DD06,Watch,No,β-lactam
MTR,Metronidazol,MTR - Metronidazol,MTR - Metronidazol,Nitroimidazole,Generates toxic metabolites in anaerobic cells,Anaerobic Infection Guidelines,https://www.ncbi.nlm.nih.gov/books/NBK553158/,Metronidazole_oral,FUZZY(0.96),Imidazoles,P01AB01,Access,Yes,Nitroimidazole
MZL,Mezlocillin,MZL - Mezlocillin,MZL - Mezlocillin,Penicillin (β-lactam),Cell wall synthesis inhibition,Antibiotic Resistance Studies,https://www.ncbi.nlm.nih.gov/books/NBK513297/,Mezlocillin,PERFECT,Penicillins ,J01CA10,Watch,No,β-lactam
NEO,Neomycin,NEO - Neomycin,NEO - Neomycin,Aminoglycoside,Binds to 30S ribosomal subunit,Topical Antibiotic Guides,https://www.ncbi.nlm.nih.gov/books/NBK555886/,Neomycin_oral,PERFECT,Aminoglycosides,A07AA01,Watch,No,Aminoglycoside
NET,Netilmicin,NET - Netilmicin,NET - Netilmicin,Aminoglycoside,Binds to 30S ribosomal subunit,Clinical Microbiology Handbook,https://www.ncbi.nlm.nih.gov/books/NBK553158/,Netilmicin,PERFECT,Aminoglycosides,J01GB07,Watch,No,Aminoglycoside
NIT,Nitroxolin,NIT - Nitroxolin,NIT - Nitroxolin,Quinolone derivative,DNA synthesis inhibition,Urinary Antiseptic Data,https://www.ncbi.nlm.nih.gov/books/NBK555886/,NO MATCH,UNMATCHED,Not Set,Not Set,Not Set,Not Set,Quinolone derivative
NOR,Norfloxacin,NOR - Norfloxacin,NOR - Norfloxacin,Fluoroquinolone,Inhibits DNA gyrase/topoisomerase IV,WHO AWaRe Classification,https://www.who.int/groups/expert-committee-on-selection-and-use-of-essential-medicines/aware-classification,Norfloxacin,PERFECT,Fluoroquinolones,J01MA06,Watch,No,Fluoroquinolone
NOV,Novobiocin,NOV - Novobiocin,NOV - Novobiocin,Other Class,Inhibits DNA gyrase ATPase (exact class unclear),Historical Antibiotic Data,https://www.ncbi.nlm.nih.gov/books/NBK555886/,NO MATCH,UNMATCHED,Not Set,Not Set,Not Set,Not Set,Other Class
OFX,Ofloxacin,OFX - Ofloxacin,OFX - Ofloxacin,Fluoroquinolone,Inhibits DNA gyrase/topoisomerase IV,Clinical Pharmacology,https://www.ncbi.nlm.nih.gov/books/NBK555886/,Ofloxacin,PERFECT,Fluoroquinolones,J01MA01,Watch,No,Fluoroquinolone
PIM,Pipemidic acid,PIM - Pipemidsäure,PIM - Pipemidic acid,Quinolone,Inhibits DNA gyrase,Historical References,https://www.ncbi.nlm.nih.gov/books/NBK555886/,Pipemidic Acid,PERFECT,Quinolones,J01MB04,Watch,No,Quinolone
PIS,Piperacillin/Sulbactam,PIS - Piperacillin+Sulbactam,PIS - Piperacillin/Sulbactam,β-lactam/β-lactamase inhibitor,β-lactamase inhibition + cell wall synthesis,Hospital Protocols,https://www.ashp.org/-/media/assets/pharmacy-practice/resource-centers/guidelines/sample-adult-empiric-antimicrobial-guide.ashx,Ampicillin/sulbactam,FUZZY(0.85),Beta-lactam/beta-lactamase-inhibitor,J01CR01,Access,No,β-lactam
POL,Polymyxin,POL - Polymyxin,POL - Polymyxin,Polymyxin,Disrupts bacterial membrane,ESCMID Guidelines,https://www.escmid.org/research_projects/guidelines/,Polymyxin-B_oral,PERFECT,Polymyxins,A07AA05,Reserve,No,Polymyxin
PRI,Pristinamycin,PRI - Pristinamycin,PRI - Pristinamycin,Streptogramin,Binds to 50S ribosomal subunit (protein synthesis),Antibiotic Resistance Studies,https://www.ncbi.nlm.nih.gov/books/NBK513297/,Pristinamycin,PERFECT,Streptogramins,J01FG01,Watch,No,Streptogramin
QPD,Quinupristin/Dalfopristin,QPD - Quinupristin/Dalfopristin,QPD - Quinupristin/Dalfopristin,Streptogramin combo,Binds to 50S ribosomal subunit,IDSA Recommendations,https://www.idsociety.org/practice-guideline/guidelines-by-topic/,NO MATCH,UNMATCHED,Not Set,Not Set,Not Set,Not Set,Streptogramin combo
RIB,Rifabutin,RIB - Rifabutin,RIB - Rifabutin,Rifamycin,Inhibits DNA-dependent RNA polymerase,Tuberculosis Guidelines,https://www.ncbi.nlm.nih.gov/books/NBK555886/,Rifabutin,PERFECT,Rifamycins,J04AB04,Watch,No,Rifamycin
ROX,Roxithromycin,ROX - Roxithromycin,ROX - Roxithromycin,Macrolide,Binds to 50S ribosomal subunit,Respiratory Infection Studies,https://www.ncbi.nlm.nih.gov/books/NBK554560/,Roxithromycin,PERFECT,Macrolides,J01FA06,Watch,No,Macrolide
SONST,Other antibiotic,SONST - sonstiges Antibiotikum,SONST - Other antibiotic,Other Class,,Case-specific analysis required,,NO MATCH,UNMATCHED,Not Set,Not Set,Not Set,Not Set,Other Class
TCC,Ticarcillin/clavulanic acid,TCC - Ticarcillin/Clavulansäure,TCC - Ticarcillin/clavulanic acid,β-lactam/β-lactamase inhibitor,β-lactamase inhibition + cell wall synthesis,Hospital Formulary,https://www.ashp.org/-/media/assets/pharmacy-practice/resource-centers/guidelines/sample-adult-empiric-antimicrobial-guide.ashx,Amoxicillin/clavulanic Acid,FUZZY(0.84),Beta-lactam/beta-lactamase-inhibitor,J01CR02,Access,Yes,β-lactam
TEL,Telithromycin,TEL - Telithromycin,TEL - Telithromycin,Ketolide (macrolide derivative),Binds to 50S ribosomal subunit,Respiratory Infection Guidelines,https://www.ncbi.nlm.nih.gov/books/NBK554560/,Telithromycin,PERFECT,Macrolides,J01FA15,Watch,No,Ketolide (macrolide derivative)
TIC,Ticarcillin,TIC - Ticarcillin,TIC - Ticarcillin,Penicillin (β-lactam),Cell wall synthesis inhibition,Antibiotic Resistance Atlas,https://www.ncbi.nlm.nih.gov/books/NBK513297/,Ticarcillin,PERFECT,Penicillins,J01CA13,Watch,No,β-lactam
5FC,5-Fluorcytosin,5FC - 5-Fluorcytosin,5FC - 5-Fluorcytosin,Antimetabolite,Inhibits RNA/DNA synthesis,Antifungal Drug Database,https://www.ncbi.nlm.nih.gov/books/NBK556136/,NO MATCH,UNMATCHED,Not Set,Not Set,Not Set,Not Set,Antimetabolite
APL,Apalcillin,APL - Apalcillin,APL - Apalcillin,Penicillin (β-lactam),Cell wall synthesis inhibition,Antibiotic Stewardship Data,https://www.ncbi.nlm.nih.gov/books/NBK513297/,Ampicillin,FUZZY(0.80),Penicillins,J01CA01 ,Access,Yes,β-lactam
BAC,Bacampicillin,BAC - Bacampicillin,BAC - Bacampicillin,Penicillin (β-lactam),Prodrug of ampicillin,Pharmacokinetic Studies,https://go.drugbank.com/drugs/DB00683,Bacampicillin,PERFECT,Penicillins ,J01CA06,Access,No,β-lactam
CAP,Cefapirin,CAP - Cefapirin,CAP - Cefapirin,First-gen cephalosporin (β-lactam),Cell wall synthesis inhibition,Veterinary References,https://www.ncbi.nlm.nih.gov/books/NBK555886/,Cefapirin,PERFECT,First-generation-cephalosporins,J01DB08,Access,No,β-lactam
CDT,Cefditoren,CDT - Cefditoren,CDT - Cefditoren,Third-gen cephalosporin (β-lactam),Cell wall synthesis inhibition,Clinical Trials Data,https://clinicaltrials.gov/ct2/show/NCT03426709,NO MATCH,UNMATCHED,Not Set,Not Set,Not Set,Not Set,β-lactam
CED,Cefradin,CED - Cefradin,CED - Cefradin,First-gen cephalosporin (β-lactam),Cell wall synthesis inhibition,Historical Data,https://www.ncbi.nlm.nih.gov/books/NBK555886/,Cefradine,FUZZY(0.94),First-generation-cephalosporins,J01DB09,Access,No,β-lactam
CEQ,Cefqinom,CEQ - Cefqinom,CEQ - Cefqinom,Other Class,,Requires specialized literature,,NO MATCH,UNMATCHED,Not Set,Not Set,Not Set,Not Set,Other Class
CFD,Cefdinir,CFD - Cefdinir,CFD - Cefdinir,Third-gen cephalosporin (β-lactam),Cell wall synthesis inhibition,Pharmaceutical Directories,https://go.drugbank.com/drugs/DB00532,Cefdinir,PERFECT,Third-generation-cephalosporins,J01DD15,Watch,No,β-lactam
CFS,Cefsulodin,CFS - Cefsulodin,CFS - Cefsulodin,Fourth-gen cephalosporin (β-lactam),Cell wall synthesis inhibition,Antibiotic Resistance Studies,https://www.ncbi.nlm.nih.gov/books/NBK513297/,Cefsulodin,PERFECT,Third-generation-cephalosporins,J01DD03,Watch,No,β-lactam
CFT,Cefetamet,CFT - Cefetamet,CFT - Cefetamet,Third-gen cephalosporin (β-lactam),Cell wall synthesis inhibition,Pharmacology Textbooks,https://www.ncbi.nlm.nih.gov/books/NBK553158/,NO MATCH,UNMATCHED,Not Set,Not Set,Not Set,Not Set,β-lactam
CIN,Cinoxacin,CIN - Cinoxacin,CIN - Cinoxacin,Quinolone,Inhibits DNA gyrase,Historical Antibiotic Data,https://www.ncbi.nlm.nih.gov/books/NBK555886/,Cinoxacin,PERFECT,Quinolones,J01MB06,Watch,No,Quinolone
CLO,Cefaloridin,CLO - Cefaloridin,CLO - Cefaloridin,First-gen cephalosporin (β-lactam),Cell wall synthesis inhibition,Antibiotic Classification Guides,https://www.ncbi.nlm.nih.gov/books/NBK555886/,Cefaloridine,FUZZY(0.96),First-generation-cephalosporins,J01DB02,Access,No,β-lactam
CLX,Cloxiquin,CLX - Cloxiquin,CLX - Cloxiquin,Other Class,,Mechanism unclear (further research needed),,NO MATCH,UNMATCHED,Not Set,Not Set,Not Set,Not Set,Other Class
CMD,Cefamandol,CMD - Cefamandol,CMD - Cefamandol,Second-gen cephalosporin (β-lactam),Cell wall synthesis inhibition,Clinical Microbiology Reviews,https://www.ncbi.nlm.nih.gov/books/NBK553158/,Cefamandole,PERFECT,Second-generation-cephalosporins,J01DC03,Watch,No,β-lactam
CMT,Cefmetazol,CMT - Cefmetazol,CMT - Cefmetazol,Second-gen cephalosporin (β-lactam),Cell wall synthesis inhibition,Anaerobic Infection Protocols,https://www.ncbi.nlm.nih.gov/books/NBK553158/,Cefmetazole,PERFECT,Second-generation-cephalosporins,J01DC09,Watch,No,β-lactam
CMX,Cefmenoxim,CMX - Cefmenoxim,CMX - Cefmenoxim,Third-gen cephalosporin (β-lactam),Cell wall synthesis inhibition,Antibiotic Stewardship Data,https://www.ncbi.nlm.nih.gov/books/NBK553158/,Cefmenoxime,PERFECT,Third-generation-cephalosporins,J01DD05,Watch,No,β-lactam
CNI,Cefonicid,CNI - Cefonicid,CNI - Cefonicid,Second-gen cephalosporin (β-lactam),Cell wall synthesis inhibition,Hospital Formulary,https://www.ncbi.nlm.nih.gov/books/NBK551507/,Cefonicid,PERFECT,Second-generation-cephalosporins,J01DC06,Watch,No,β-lactam
COM,Cotrimazol,COM - Cotrimazol,COM - Cotrimazol,Azole,Inhibits ergosterol synthesis (fungal),Antifungal Guidelines,https://www.ncbi.nlm.nih.gov/books/NBK556136/,NO MATCH,UNMATCHED,Not Set,Not Set,Not Set,Not Set,Azole
CPC,Cefpodoxim/clavulanic acid,CPC - Cefpodoxim + Clavulansäure,CPC - Cefpodoxim/clavulanic acid,β-lactam/β-lactamase inhibitor,β-lactamase inhibition + cell wall synthesis,Clinical Trials,https://clinicaltrials.gov/ct2/show/NCT03426709,NO MATCH,UNMATCHED,Not Set,Not Set,Not Set,Not Set,β-lactam
CPI,Cefpirom,CPI - Cefpirom,CPI - Cefpirom,Fourth-gen cephalosporin (β-lactam),Cell wall synthesis inhibition,Antimicrobial Agents Journal,https://aac.asm.org/content/63/4/e02087-18,Cefpirome,FUZZY(0.94),Fourth-generation-cephalosporins,J01DE02,Watch,No,β-lactam
CPR,Capreomycin,CPR - Capreomycin,CPR - Capreomycin,Other Class,Inhibits protein synthesis (exact class unclear),Tuberculosis Guidelines,https://www.ncbi.nlm.nih.gov/books/NBK555886/,NO MATCH,UNMATCHED,Not Set,Not Set,Not Set,Not Set,Other Class
CPY,Cefprozil,CPY - Cefprozil,CPY - Cefprozil,Second-gen cephalosporin (β-lactam),Cell wall synthesis inhibition,Pharmacy Resources,https://go.drugbank.com/drugs/DB01413,Cefprozil,PERFECT,Second-generation-cephalosporins,J01DC10,Watch,No,β-lactam
CPZ,Cefoperazon,CPZ - Cefoperazon,CPZ - Cefoperazon,Third-gen cephalosporin (β-lactam),Cell wall synthesis inhibition,Antibiotic Resistance Atlas,https://www.ncbi.nlm.nih.gov/books/NBK513297/,Cefoperazone,PERFECT,Third-generation-cephalosporins,J01DD12,Watch,No,β-lactam
CRI,Cefatrizin,CRI - Cefatrizin,CRI - Cefatrizin,First-gen cephalosporin (β-lactam),Cell wall synthesis inhibition,Historical References,https://www.ncbi.nlm.nih.gov/books/NBK555886/,Cefatrizine,FUZZY(0.95),First-generation-cephalosporins,J01DB07,Access,No,β-lactam
CSE,Cycloserin,CSE - Cycloserin,CSE - Cycloserin,Other Class,Inhibits cell wall synthesis (D-alanine analog),Tuberculosis Treatment Guides,https://www.ncbi.nlm.nih.gov/books/NBK555886/,NO MATCH,UNMATCHED,Not Set,Not Set,Not Set,Not Set,Other Class
CTE,Chlortetracyclin,CTE - Chlortetracyclin,CTE - Chlortetracyclin,Tetracycline,Binds to 30S ribosomal subunit,Historical Antibiotic Data,https://www.ncbi.nlm.nih.gov/books/NBK555886/,Chlortetracycline,FUZZY(0.97),Tetracyclines,J01AA03,Watch,No,Tetracycline
CXC,Cefotaxim/clavulanic acid,CXC - Cefotaxim + Clavulansäure,CXC - Cefotaxim/clavulanic acid,β-lactam/β-lactamase inhibitor,β-lactamase inhibition + cell wall synthesis,Hospital Protocols,https://www.ashp.org/-/media/assets/pharmacy-practice/resource-centers/guidelines/sample-adult-empiric-antimicrobial-guide.ashx,NO MATCH,UNMATCHED,Not Set,Not Set,Not Set,Not Set,β-lactam
CZC,Ceftazidim/clavulanic acid,CZC - Ceftazidim + Clavulansäure,CZC - Ceftazidim/clavulanic acid,β-lactam/β-lactamase inhibitor,β-lactamase inhibition + cell wall synthesis,IDSA Guidelines,https://www.idsociety.org/practice-guideline/guidelines-by-topic/,NO MATCH,UNMATCHED,Not Set,Not Set,Not Set,Not Set,β-lactam
CZD,Cefazedon,CZD - Cefazedon,CZD - Cefazedon,First-gen cephalosporin (β-lactam),Cell wall synthesis inhibition,Clinical Microbiology Handbook,https://www.ncbi.nlm.nih.gov/books/NBK553158/,Cefazedone,PERFECT,First-generation-cephalosporins,J01DB06,Access,No,β-lactam
CZX,Ceftizoxim,CZX - Ceftizoxim,CZX - Ceftizoxim,Third-gen cephalosporin (β-lactam),Cell wall synthesis inhibition,Antibiotic Stewardship Data,https://www.ncbi.nlm.nih.gov/books/NBK553158/,Ceftizoxime,FUZZY(0.95),Third-generation-cephalosporins,J01DD07,Watch,No,β-lactam
DAN,Danofloxacin,DAN - Danofloxacin,DAN - Danofloxacin,Fluoroquinolone,Inhibits DNA gyrase/topoisomerase IV,Veterinary Medicine References,https://www.ncbi.nlm.nih.gov/books/NBK555886/,Norfloxacin,FUZZY(0.87),Fluoroquinolones,J01MA06,Watch,No,Fluoroquinolone
DIC,Dicloxacillin,DIC - Dicloxacillin,DIC - Dicloxacillin,Penicillin (β-lactam),Cell wall synthesis inhibition,Antibiotic Resistance Studies,https://www.ncbi.nlm.nih.gov/books/NBK513297/,Dicloxacillin,PERFECT,Penicillins ,J01CF01,Access,Yes (therapeutic alternative to cloxacillin),β-lactam
DIR,Dirithromycin,DIR - Dirithromycin,DIR - Dirithromycin,Macrolide,Binds to 50S ribosomal subunit,Pharmacokinetic Studies,https://www.ncbi.nlm.nih.gov/books/NBK554560/,Dirithromycin,PERFECT,Macrolides,J01FA13,Watch,No,Macrolide
ECO,Econazol,ECO - Econazol,ECO - Econazol,Azole,Inhibits ergosterol synthesis (fungal),Antifungal Drug Database,https://www.ncbi.nlm.nih.gov/books/NBK556136/,NO MATCH,UNMATCHED,Not Set,Not Set,Not Set,Not Set,Azole
EMB,Ethambutol,EMB - Ethambutol,EMB - Ethambutol,Other Class,Inhibits arabinosyl transferase (mycobacterial cell wall),Tuberculosis Guidelines,https://www.ncbi.nlm.nih.gov/books/NBK555886/,NO MATCH,UNMATCHED,Not Set,Not Set,Not Set,Not Set,Other Class
ENO,Enoxacin,ENO - Enoxacin,ENO - Enoxacin,Fluoroquinolone,Inhibits DNA gyrase/topoisomerase IV,Clinical Pharmacology,https://www.ncbi.nlm.nih.gov/books/NBK555886/,Enoxacin,PERFECT,Fluoroquinolones,J01MA04,Watch,No,Fluoroquinolone
ESBL,Extended ß-Lactamase,ESBL - Extended ß-Lactamase,ESBL - Extended ß-Lactamase,Other Class,Enzyme that hydrolyzes β-lactams (not an antibiotic),Microbiology Textbooks,https://www.ncbi.nlm.nih.gov/books/NBK513297/,NO MATCH,UNMATCHED,Not Set,Not Set,Not Set,Not Set,Other Class
ETH,Ethionamid,ETH - Ethionamid,ETH - Ethionamid,Other Class,Disrupts mycolic acid synthesis (mycobacterial),Tuberculosis Treatment,https://www.ncbi.nlm.nih.gov/books/NBK555886/,NO MATCH,UNMATCHED,Not Set,Not Set,Not Set,Not Set,Other Class
FLE,Fleroxacillin,FLE - Fleroxacillin,FLE - Fleroxacillin,Penicillin (β-lactam),Cell wall synthesis inhibition,Antibiotic Stewardship Review,https://academic.oup.com/cid/article/63/5/e61/2632539,Fleroxacin,FUZZY(0.87),Fluoroquinolones,J01MA08,Watch,No,β-lactam
FRA,Framycetin,FRA - Framycetin,FRA - Framycetin,Aminoglycoside,Binds to 30S ribosomal subunit,Topical Antibiotic Guides,https://www.ncbi.nlm.nih.gov/books/NBK555886/,NO MATCH,UNMATCHED,Not Set,Not Set,Not Set,Not Set,Aminoglycoside
GAT,Gatifloxacin,GAT - Gatifloxacin,GAT - Gatifloxacin,Fluoroquinolone,Inhibits DNA gyrase/topoisomerase IV,Clinical Trials Data,https://clinicaltrials.gov/ct2/show/NCT03426709,Gatifloxacin,PERFECT,Fluoroquinolones,J01MA16,Watch,No,Fluoroquinolone
GEM,Gemifloxacin,GEM - Gemifloxacin,GEM - Gemifloxacin,Fluoroquinolone,Inhibits DNA gyrase/topoisomerase IV,Antimicrobial Agents Journal,https://aac.asm.org/content/63/4/e02087-18,Gemifloxacin,PERFECT,Fluoroquinolones,J01MA15,Watch,No,Fluoroquinolone
GRE,Grepafloxacin,GRE - Grepafloxacin,GRE - Grepafloxacin,Fluoroquinolone,Inhibits DNA gyrase/topoisomerase IV,Historical Data,https://www.ncbi.nlm.nih.gov/books/NBK555886/,Grepafloxacin,PERFECT,Fluoroquinolones,J01MA11,Watch,No,Fluoroquinolone
INH,Isoniazid,INH - Isoniazid,INH - Isoniazid,Other Class,Inhibits mycolic acid synthesis (mycobacterial),Tuberculosis Guidelines,https://www.ncbi.nlm.nih.gov/books/NBK555886/,NO MATCH,UNMATCHED,Not Set,Not Set,Not Set,Not Set,Other Class
ISE,Isepamicin,ISE - Isepamicin,ISE - Isepamicin,Aminoglycoside,Binds to 30S ribosomal subunit,Antibiotic Resistance Studies,https://www.ncbi.nlm.nih.gov/books/NBK513297/,Isepamicin,PERFECT,Aminoglycosides,J01GB11,Watch,No,Aminoglycoside
ISO,Isooxazolylpenicillin,ISO - Isooxazolylpenicillin,ISO - Isooxazolylpenicillin,Penicillin (β-lactam),Cell wall synthesis inhibition,Antibiotic Classification Guides,https://www.ncbi.nlm.nih.gov/books/NBK555886/,NO MATCH,UNMATCHED,Not Set,Not Set,Not Set,Not Set,β-lactam
JOS,Josamycin,JOS - Josamycin,JOS - Josamycin,Macrolide,Binds to 50S ribosomal subunit,Respiratory Infection References,https://www.ncbi.nlm.nih.gov/books/NBK554560/,Josamycin,PERFECT,Macrolides,J01FA07,Watch,No,Macrolide
KET,Ketoconazol,KET - Ketoconazol,KET - Ketoconazol,Azole,Inhibits ergosterol synthesis (fungal),Antifungal Drug Database,https://www.ncbi.nlm.nih.gov/books/NBK556136/,NO MATCH,UNMATCHED,Not Set,Not Set,Not Set,Not Set,Azole
KHL,Kanamycin (high level),KHL - Kanamycin (high level),KHL - Kanamycin (high level),Aminoglycoside,High-dose ribosomal binding,Specialized Protocols,https://www.ncbi.nlm.nih.gov/books/NBK430906/,NO MATCH,UNMATCHED,Not Set,Not Set,Not Set,Not Set,Aminoglycoside
LAM,Lampren,LAM - Lampren,LAM - Lampren,Other Class,Antileprosy agent (mechanism unclear),Leprosy Treatment Guides,https://www.ncbi.nlm.nih.gov/books/NBK551507/,NO MATCH,UNMATCHED,Not Set,Not Set,Not Set,Not Set,Other Class
LMO,Latamofex,LMO - Latamofex,LMO - Latamofex,Other Class,,Mechanism/class not well-documented,,NO MATCH,UNMATCHED,Not Set,Not Set,Not Set,Not Set,Other Class
LOR,Loracarbef,LOR - Loracarbef,LOR - Loracarbef,Carbacephem (β-lactam),Cell wall synthesis inhibition,Clinical Microbiology Reviews,https://www.ncbi.nlm.nih.gov/books/NBK553158/,Loracarbef,PERFECT,Second-generation-cephalosporins,J01DC08,Watch,No,β-lactam
MAR,Marbofloxacin,MAR - Marbofloxacin,MAR - Marbofloxacin,Fluoroquinolone,Inhibits DNA gyrase/topoisomerase IV,Veterinary Medicine Data,https://www.ncbi.nlm.nih.gov/books/NBK555886/,Ofloxacin,FUZZY(0.82),Fluoroquinolones,J01MA01,Watch,No,Fluoroquinolone
MCL,Mecillinam,MCL - Mecillinam,MCL - Mecillinam,Penicillin (β-lactam),Targets PBP2 (cell wall synthesis),EUCAST UTI Guidelines,https://www.eucast.org/guidelines-documents/,Mecillinam,PERFECT,Penicillins ,J01CA11,Access,No,β-lactam
MCZ,Miconazol,MCZ - Miconazol,MCZ - Miconazol,Azole,Inhibits ergosterol synthesis (fungal),Antifungal Guidelines,https://www.ncbi.nlm.nih.gov/books/NBK556136/,NO MATCH,UNMATCHED,Not Set,Not Set,Not Set,Not Set,Azole
MET,Methicillin,MET - Methicillin,MET - Methicillin,Penicillin (β-lactam),Cell wall synthesis inhibition,Historical Antibiotic Data,https://www.ncbi.nlm.nih.gov/books/NBK555886/,Meticillin,FUZZY(0.95),Penicillins ,J01CF03,Access,Yes (therapeutic alternative to cloxacillin),β-lactam
MID,Midekamycin,MID - Midekamycin,MID - Midekamycin,Macrolide,Binds to 50S ribosomal subunit,Respiratory Infection Studies,https://www.ncbi.nlm.nih.gov/books/NBK554560/,Midecamycin,FUZZY(0.91),Macrolides,J01FA03,Watch,No,Macrolide
MZS,Sulbactam/Mezlocillin,MZS - Sulbactam/Mezlocillin,MZS - Sulbactam/Mezlocillin,β-lactam/β-lactamase inhibitor,β-lactamase inhibition + cell wall synthesis,Hospital Protocols,https://www.ashp.org/-/media/assets/pharmacy-practice/resource-centers/guidelines/sample-adult-empiric-antimicrobial-guide.ashx,NO MATCH,UNMATCHED,Not Set,Not Set,Not Set,Not Set,β-lactam
NYS,Nystatin,NYS - Nystatin,NYS - Nystatin,Polyene,Binds ergosterol (fungal membrane disruption),Antifungal Drug Database,https://www.ncbi.nlm.nih.gov/books/NBK556136/,NO MATCH,UNMATCHED,Not Set,Not Set,Not Set,Not Set,Polyene
OLE,Oleandomycin,OLE - Oleandomycin,OLE - Oleandomycin,Macrolide,Binds to 50S ribosomal subunit,Historical Pharmacology,https://www.ncbi.nlm.nih.gov/books/NBK555886/,Oleandomycin,PERFECT,Macrolides,J01FA05,Watch,No,Macrolide
PAN,Panipenem,PAN - Panipenem,PAN - Panipenem,Carbapenem (β-lactam),Cell wall synthesis inhibition,Japanese Antibiotic Guidelines,https://www.ncbi.nlm.nih.gov/books/NBK553158/,Panipenem,PERFECT,Carbapenems,J01DH55,Watch,No,β-lactam
PAR,Paromycin,PAR - Paromycin,PAR - Paromycin,Aminoglycoside,Binds to 30S ribosomal subunit,Antiprotozoal References,https://www.ncbi.nlm.nih.gov/books/NBK555886/,NO MATCH,UNMATCHED,Not Set,Not Set,Not Set,Not Set,Aminoglycoside
PAS,p-Aminosalicylic acid,PAS - p-Aminosalicylsaeure,PAS - p-Aminosalicylic acid,Other Class,Inhibits folate synthesis (mycobacterial),Tuberculosis Treatment,https://www.ncbi.nlm.nih.gov/books/NBK555886/,NO MATCH,UNMATCHED,Not Set,Not Set,Not Set,Not Set,Other Class
PEF,Perfloxacin,PEF - Perfloxacin,PEF - Perfloxacin,Fluoroquinolone,Inhibits DNA gyrase/topoisomerase IV,Historical Data,https://www.ncbi.nlm.nih.gov/books/NBK555886/,Pefloxacin,FUZZY(0.95),Fluoroquinolones,J01MA03,Watch,No,Fluoroquinolone
PIV,Pivampicillin,PIV - Pivampicillin,PIV - Pivampicillin,Penicillin (β-lactam),Prodrug of ampicillin,Pharmacokinetic Studies,https://go.drugbank.com/drugs/DB00683,Pivampicillin,PERFECT,Penicillins ,J01CA02,Access,No,β-lactam
PTH,Protionamid,PTH - Protionamid,PTH - Protionamid,Other Class,Disrupts mycolic acid synthesis (mycobacterial),Tuberculosis Guidelines,https://www.ncbi.nlm.nih.gov/books/NBK555886/,NO MATCH,UNMATCHED,Not Set,Not Set,Not Set,Not Set,Other Class
PZA,Pyrazinamid,PZA - Pyrazinamid,PZA - Pyrazinamid,Other Class,Disrupts mycobacterial membrane potential,Tuberculosis Treatment,https://www.ncbi.nlm.nih.gov/books/NBK555886/,NO MATCH,UNMATCHED,Not Set,Not Set,Not Set,Not Set,Other Class
ROC,Rocephin,ROC - Rocephin,ROC - Rocephin,Third-gen cephalosporin (β-lactam),Cell wall synthesis inhibition,Brand Name Cross-Reference,https://go.drugbank.com/drugs/DB00258,Ceftriaxone,PERFECT,Third-generation-cephalosporins,J01DD04,Watch,Yes,β-lactam
ROS,Rosoxacin,ROS - Rosoxacin,ROS - Rosoxacin,Fluoroquinolone,Inhibits DNA gyrase/topoisomerase IV,Historical Antibiotic Data,https://www.ncbi.nlm.nih.gov/books/NBK555886/,Rosoxacin,PERFECT,Quinolones,J01MB01,Watch,No,Fluoroquinolone
SAZ,Sulphamethoxazol,SAZ - Sulphamethoxazol,SAZ - Sulphamethoxazol,Sulfonamide,Inhibits dihydropteroate synthase,WHO Essential Medicines List,https://www.who.int/groups/expert-committee-on-selection-and-use-of-essential-medicines/essential-medicines-lists,Sulfamethoxazole ,FUZZY(0.88),Sulfonamides,J01EC01,Access,No,Sulfonamide
SFX,Sulfamethizol,SFX - Sulfamethizol,SFX - Sulfamethizol,Sulfonamide,Inhibits dihydropteroate synthase,Urinary Antiseptic Guides,https://www.ncbi.nlm.nih.gov/books/NBK555886/,Sulfamethizole,FUZZY(0.96),Sulfonamides,J01EB02,Access,No,Sulfonamide
SIS,Sisomycin,SIS - Sisomycin,SIS - Sisomycin,Aminoglycoside,Binds to 30S ribosomal subunit,Antibiotic Resistance Studies,https://www.ncbi.nlm.nih.gov/books/NBK513297/,Sisomicin,FUZZY(0.89),Aminoglycosides,J01GB08,Watch,No,Aminoglycoside
SLN,Sulfalen,SLN - Sulfalen,SLN - Sulfalen,Sulfonamide,Inhibits dihydropteroate synthase,Historical Pharmacology,https://www.ncbi.nlm.nih.gov/books/NBK555886/,Sulfalene,FUZZY(0.94),Sulfonamides,J01ED02,Access,No,Sulfonamide
SOX,Sulfisoxazol,SOX - Sulfisoxazol,SOX - Sulfisoxazol,Sulfonamide,Inhibits dihydropteroate synthase,Antimicrobial Agents Textbook,https://www.ncbi.nlm.nih.gov/books/NBK513297/,NO MATCH,UNMATCHED,Not Set,Not Set,Not Set,Not Set,Sulfonamide
SPF,Sparfloxacin,SPF - Sparfloxacin,SPF - Sparfloxacin,Fluoroquinolone,Inhibits DNA gyrase/topoisomerase IV,Clinical Trials Data,https://clinicaltrials.gov/ct2/show/NCT03426709,Sparfloxacin,PERFECT,Fluoroquinolones,J01MA09,Watch,No,Fluoroquinolone
SPM,Spiramycin,SPM - Spiramycin,SPM - Spiramycin,Macrolide,Binds to 50S ribosomal subunit,Parasitology References,https://www.ncbi.nlm.nih.gov/books/NBK554560/,Spiramycin,PERFECT,Macrolides,J01FA02,Watch,No,Macrolide
SUL,Sulbactam,SUL - Sulbactam,SUL - Sulbactam,β-lactamase inhibitor,Inhibits β-lactamases,Antibiotic Stewardship Data,https://www.ncbi.nlm.nih.gov/books/NBK513297/,Sulbactam,PERFECT,Beta-lactamase-inhibitors,J01CG01,Access,No,β-lactam
TFX,Trovafloxacin,TFX - Trovafloxacin,TFX - Trovafloxacin,Fluoroquinolone,Inhibits DNA gyrase/topoisomerase IV,Withdrawn Drug Archives,https://www.ncbi.nlm.nih.gov/books/NBK555886/,Trovafloxacin,PERFECT,Fluoroquinolones,J01MA13,Watch,No,Fluoroquinolone
TMO,Temocillin,TMO - Temocillin,TMO - Temocillin,Penicillin (β-lactam),Cell wall synthesis inhibition,EUCAST Technical Notes,https://www.eucast.org/fileadmin/src/media/PDFs/EUCAST_files/Guidance_documents/Expert_Rules_Technical_Notes_2020.pdf,Temocillin,PERFECT,Penicillins,J01CA17,Watch,No,β-lactam
TOS,Tosufloxacin,TOS - Tosufloxacin,TOS - Tosufloxacin,Fluoroquinolone,Inhibits DNA gyrase/topoisomerase IV,Japanese Antibiotic Guidelines,https://www.ncbi.nlm.nih.gov/books/NBK553158/,Tosufloxacin,PERFECT,Fluoroquinolones,J01MA22,Watch,No,Fluoroquinolone
VOR,Voriconazol,VOR - Voriconazol,VOR - Voriconazol,Azole,Inhibits ergosterol synthesis (fungal),Antifungal Drug Database,https://www.ncbi.nlm.nih.gov/books/NBK556136/,NO MATCH,UNMATCHED,Not Set,Not Set,Not Set,Not Set,Azole
CTL,Ceftarolin,CTL - Ceftarolin,CTL - Ceftarolin,Fifth-gen cephalosporin (β-lactam),Cell wall synthesis inhibition,IDSA Guidelines,https://www.idsociety.org/practice-guideline/guidelines-by-topic/,Cefazolin,FUZZY(0.84),First-generation-cephalosporins,J01DB04,Access,Yes,β-lactam
DOR,Doripenem,DOR - Doripenem,DOR - Doripenem,Carbapenem (β-lactam),Cell wall synthesis inhibition,Antimicrobial Agents Journal,https://aac.asm.org/content/63/4/e02087-18,Doripenem,PERFECT,Carbapenems,J01DH04,Watch,No,β-lactam
TLV,Telavancin,TLV - Telavancin,TLV - Telavancin,Lipoglycopeptide,Disrupts membrane potential & cell wall synthesis,Antibiotic Stewardship Review,https://www.ncbi.nlm.nih.gov/books/NBK513297/,Telavancin,PERFECT,Glycopeptides,J01XA03,Reserve,No,Lipoglycopeptide
CZA,Ceftazidim/Avibactam,CZA - Ceftazidim + Avibactam,CZA - Ceftazidim/Avibactam,β-lactam/β-lactamase inhibitor,β-lactamase inhibition + cell wall synthesis,IDSA Recommendations,https://www.idsociety.org/practice-guideline/guidelines-by-topic/,Ceftazidime/avibactam,FUZZY(0.97),Third-generation-cephalosporins,J01DD52,Reserve,Yes,β-lactam
CZT,Ceftolozan/Tazobactam,CZT - Ceftolozan + Tazobactam,CZT - Ceftolozan/Tazobactam,β-lactam/β-lactamase inhibitor,β-lactamase inhibition + cell wall synthesis,Clinical Trials Data,https://clinicaltrials.gov/ct2/show/NCT03426709,Ceftolozane/tazobactam,FUZZY(0.98),Fifth-generation cephalosporins,J01DI54,Reserve,Yes,β-lactam
ORI,Oritavancin,ORI - Oritavancin,ORI - Oritavancin,Lipoglycopeptide,Inhibits cell wall synthesis & disrupts membrane,Skin Infection Guidelines,https://www.ncbi.nlm.nih.gov/books/NBK553158/,Oritavancin,PERFECT,Glycopeptides,J01XA05,Reserve,No,Lipoglycopeptide
BPR,Ceftobiprol,BPR - Ceftobiprol,BPR - Ceftobiprol,Fifth-gen cephalosporin (β-lactam),Cell wall synthesis inhibition,EUCAST Technical Notes,https://www.eucast.org/fileadmin/src/media/PDFs/EUCAST_files/Guidance_documents/Expert_Rules_Technical_Notes_2020.pdf,NO MATCH,UNMATCHED,Not Set,Not Set,Not Set,Not Set,β-lactam
DAL,Dalbavancin,DAL - Dalbavancin,DAL - Dalbavancin,Lipoglycopeptide,Inhibits cell wall synthesis,Skin Infection Protocols,https://www.ncbi.nlm.nih.gov/books/NBK553158/,Dalbavancin,PERFECT,Glycopeptides,J01XA04,Reserve,No,Lipoglycopeptide
TZD,Tedizolid,TZD - Tedizolid,TZD - Tedizolid,Oxazolidinone,Binds to 50S ribosomal subunit,Antibiotic Resistance Studies,https://www.ncbi.nlm.nih.gov/books/NBK513297/,Tedizolid,PERFECT,Oxazolidinones,J01XX11,Reserve,Yes (therapeutic alternative to linezolid (EML)),Oxazolidinone
MIC,Micafungin,MIC - Micafungin,MIC - Micafungin,Echinocandin,Inhibits β-(1,3)-D-glucan synthase (fungal),Antifungal Guidelines,NO MATCH,UNMATCHED,Not Set,Not Set,Not Set,Not Set,Echinocandin
SPC,Spectinomycin,SPC - Spectinomycin,SPC - Spectinomycin,Aminocyclitol,Binds to 30S ribosomal subunit,Sexually Transmitted Infection Guides,https://www.ncbi.nlm.nih.gov/books/NBK555886/,Spectinomycin,PERFECT,Aminocyclitols,J01XX04,Access,Yes,Aminocyclitol
ANI,Anidulafungin,ANI - Anidulafungin,ANI - Anidulafungin,Echinocandin,Inhibits β-(1,3)-D-glucan synthase (fungal),Antifungal Drug Database,NO MATCH,UNMATCHED,Not Set,Not Set,Not Set,Not Set,Echinocandin
IVC,Isavuconazol,IVC - Isavuconazol,IVC - Isavuconazol,Azole,Inhibits ergosterol synthesis (fungal),Antifungal Guidelines,https://www.ncbi.nlm.nih.gov/books/NBK556136/,NO MATCH,UNMATCHED,Not Set,Not Set,Not Set,Not Set,Azole
POS,Posaconazol,POS - Posaconazol,POS - Posaconazol,Azole,Inhibits ergosterol synthesis (fungal),Antifungal Drug Database,https://www.ncbi.nlm.nih.gov/books/NBK556136/,NO MATCH,UNMATCHED,Not Set,Not Set,Not Set,Not Set,Azole
FID,Fidaxomicin,FID - Fidaxomicin,FID - Fidaxomicin,Macrocyclic,Inhibits RNA polymerase (narrow-spectrum),C. difficile Treatment Guidelines,https://www.ncbi.nlm.nih.gov/books/NBK553158/,Fidaxomicin,PERFECT,Macrolides,A07AA12,Watch,No,Macrocyclic
OMA,Omadacyclin,OMA - Omadacyclin,OMA - Omadacyclin,Tetracycline derivative,Binds to 30S ribosomal subunit,Novel Antibiotic Studies,https://www.ncbi.nlm.nih.gov/books/NBK555886/,Omadacycline,FUZZY(0.96),Tetracyclines,J01AA15,Reserve,No,Tetracycline derivative
CCO,Cefiderocol,CCO - Cefiderocol,CCO - Cefiderocol,Siderophore cephalosporin (β-lactam),Iron transport-mediated cell wall inhibition,IDSA Emerging Pathogens,https://www.idsociety.org/practice-guideline/guidelines-by-topic/,Cefiderocol,PERFECT,Other-cephalosporins,J01DI04,Reserve,Yes,β-lactam
PLA,Plazomicin,PLA - Plazomicin,PLA - Plazomicin,Aminoglycoside,Binds to 30S ribosomal subunit (resistance-modified),Antibiotic Resistance Studies,https://www.ncbi.nlm.nih.gov/books/NBK513297/,Plazomicin,PERFECT,Aminoglycosides,J01GB14,Reserve,Yes,Aminoglycoside
DEL,Delafloxacin,DEL - Delafloxacin,DEL - Delafloxacin,Fluoroquinolone,Inhibits DNA gyrase/topoisomerase IV,Skin Infection Protocols,https://www.ncbi.nlm.nih.gov/books/NBK553158/,Delafloxacin,PERFECT,Fluoroquinolones,J01MA23,Watch,No,Fluoroquinolone
LEF,Lefamulin,LEF - Lefamulin,LEF - Lefamulin,Pleuromutilin,Binds to 50S ribosomal subunit,Community-Acquired Pneumonia Guidelines,https://www.ncbi.nlm.nih.gov/books/NBK554560/,Lefamulin,PERFECT,Pleuromutilin,J01XX12,Reserve,No,Pleuromutilin
PIC,Pivmecillinam,PIC - Pivmecillinam,PIC - Pivmecillinam,Penicillin (β-lactam),Prodrug of mecillinam (cell wall synthesis),EUCAST UTI Guidelines,https://www.eucast.org/guidelines-documents/,Pivmecillinam,PERFECT,Penicillins ,J01CA08,Access,No,β-lactam
